2026-08-18 19:51:50,104 [MainThread  ] [DEBUG]  command line arguments: {'path_data': None, 'path_images': './stanford_cars', 'path_labels': None, 'path_model_checkpoint': None, 'model': 'ResNet18', 'checkpoint_frequency': None, 'number_of_classes': 196, 'epochs': 1, 'validation_frequency': 1, 'data_subset': 0.05, 'freeze_weights': True, 'scheduler_rate': 5.0, 'learning_rate': 0.01, 'batch_size': 8, 'learning_rate_scheduler': 0.2, 'weight_decay': 0.0001, 'momentum': 0.9, 'nesterov': True}
2026-08-18 19:51:50,105 [MainThread  ] [INFO ]  loading and preprocessing data
2026-08-18 19:51:50,105 [MainThread  ] [INFO ]  using official Stanford Cars split: train=./stanford_cars/cars_train test=./stanford_cars/cars_test
2026-08-18 19:51:50,105 [MainThread  ] [INFO ]  loading annotations from ./stanford_cars/devkit/cars_train_annos.mat
2026-08-18 19:51:55,254 [MainThread  ] [INFO ]  loading annotations from ./stanford_cars/cars_test_annos_withlabels.mat
2026-08-18 19:52:00,757 [MainThread  ] [INFO ]  loading pretrained model and establishing model characteristics
2026-08-18 19:52:00,757 [MainThread  ] [INFO ]  loading pretrained resnet model with 196 number of labels
2026-08-18 19:52:01,031 [MainThread  ] [INFO ]  tuning fc layer only
2026-08-18 19:52:01,034 [MainThread  ] [INFO ]  training model
2026-08-18 19:52:01,037 [MainThread  ] [INFO ]  starting training process
2026-08-18 19:52:01,037 [MainThread  ] [INFO ]  device being used: cpu
2026-08-18 19:52:01,037 [MainThread  ] [INFO ]  training data size: 528
2026-08-18 19:52:01,037 [MainThread  ] [INFO ]  validation data size: 520
2026-08-18 19:52:01,042 [MainThread  ] [INFO ]  training data label, unique count: (array([array([[1]], dtype=uint8), array([[2]], dtype=uint8),
       array([[3]], dtype=uint8), array([[4]], dtype=uint8),
       array([[5]], dtype=uint8), array([[6]], dtype=uint8),
       array([[7]], dtype=uint8), array([[8]], dtype=uint8),
       array([[9]], dtype=uint8), array([[10]], dtype=uint8),
       array([[11]], dtype=uint8), array([[12]], dtype=uint8),
       array([[13]], dtype=uint8), array([[14]], dtype=uint8),
       array([[15]], dtype=uint8), array([[16]], dtype=uint8),
       array([[17]], dtype=uint8), array([[18]], dtype=uint8),
       array([[19]], dtype=uint8), array([[20]], dtype=uint8),
       array([[21]], dtype=uint8), array([[22]], dtype=uint8),
       array([[23]], dtype=uint8), array([[24]], dtype=uint8),
       array([[25]], dtype=uint8), array([[26]], dtype=uint8),
       array([[27]], dtype=uint8), array([[28]], dtype=uint8),
       array([[29]], dtype=uint8), array([[30]], dtype=uint8),
       array([[31]], dtype=uint8), array([[32]], dtype=uint8),
       array([[33]], dtype=uint8), array([[34]], dtype=uint8),
       array([[35]], dtype=uint8), array([[36]], dtype=uint8),
       array([[37]], dtype=uint8), array([[38]], dtype=uint8),
       array([[39]], dtype=uint8), array([[40]], dtype=uint8),
       array([[41]], dtype=uint8), array([[42]], dtype=uint8),
       array([[43]], dtype=uint8), array([[44]], dtype=uint8),
       array([[45]], dtype=uint8), array([[46]], dtype=uint8),
       array([[47]], dtype=uint8), array([[48]], dtype=uint8),
       array([[49]], dtype=uint8), array([[50]], dtype=uint8),
       array([[51]], dtype=uint8), array([[52]], dtype=uint8),
       array([[53]], dtype=uint8), array([[54]], dtype=uint8),
       array([[55]], dtype=uint8), array([[56]], dtype=uint8),
       array([[57]], dtype=uint8), array([[58]], dtype=uint8),
       array([[59]], dtype=uint8), array([[60]], dtype=uint8),
       array([[61]], dtype=uint8), array([[62]], dtype=uint8),
       array([[63]], dtype=uint8), array([[64]], dtype=uint8),
       array([[65]], dtype=uint8), array([[66]], dtype=uint8),
       array([[67]], dtype=uint8), array([[68]], dtype=uint8),
       array([[69]], dtype=uint8), array([[70]], dtype=uint8),
       array([[71]], dtype=uint8), array([[72]], dtype=uint8),
       array([[73]], dtype=uint8), array([[74]], dtype=uint8),
       array([[75]], dtype=uint8), array([[76]], dtype=uint8),
       array([[77]], dtype=uint8), array([[78]], dtype=uint8),
       array([[79]], dtype=uint8), array([[80]], dtype=uint8),
       array([[81]], dtype=uint8), array([[82]], dtype=uint8),
       array([[83]], dtype=uint8), array([[84]], dtype=uint8),
       array([[85]], dtype=uint8), array([[86]], dtype=uint8),
       array([[87]], dtype=uint8), array([[88]], dtype=uint8),
       array([[89]], dtype=uint8), array([[90]], dtype=uint8),
       array([[91]], dtype=uint8), array([[92]], dtype=uint8),
       array([[93]], dtype=uint8), array([[94]], dtype=uint8),
       array([[95]], dtype=uint8), array([[96]], dtype=uint8),
       array([[97]], dtype=uint8), array([[98]], dtype=uint8),
       array([[99]], dtype=uint8), array([[100]], dtype=uint8),
       array([[101]], dtype=uint8), array([[102]], dtype=uint8),
       array([[103]], dtype=uint8), array([[104]], dtype=uint8),
       array([[105]], dtype=uint8), array([[106]], dtype=uint8),
       array([[107]], dtype=uint8), array([[108]], dtype=uint8),
       array([[109]], dtype=uint8), array([[110]], dtype=uint8),
       array([[111]], dtype=uint8), array([[112]], dtype=uint8),
       array([[113]], dtype=uint8), array([[114]], dtype=uint8),
       array([[115]], dtype=uint8), array([[116]], dtype=uint8),
       array([[117]], dtype=uint8), array([[118]], dtype=uint8),
       array([[119]], dtype=uint8), array([[120]], dtype=uint8),
       array([[121]], dtype=uint8), array([[122]], dtype=uint8),
       array([[123]], dtype=uint8), array([[124]], dtype=uint8),
       array([[125]], dtype=uint8), array([[126]], dtype=uint8),
       array([[127]], dtype=uint8), array([[128]], dtype=uint8),
       array([[129]], dtype=uint8), array([[130]], dtype=uint8),
       array([[131]], dtype=uint8), array([[132]], dtype=uint8),
       array([[133]], dtype=uint8), array([[134]], dtype=uint8),
       array([[135]], dtype=uint8), array([[136]], dtype=uint8),
       array([[137]], dtype=uint8), array([[138]], dtype=uint8),
       array([[139]], dtype=uint8), array([[140]], dtype=uint8),
       array([[141]], dtype=uint8), array([[142]], dtype=uint8),
       array([[143]], dtype=uint8), array([[144]], dtype=uint8),
       array([[145]], dtype=uint8), array([[146]], dtype=uint8),
       array([[147]], dtype=uint8), array([[148]], dtype=uint8),
       array([[149]], dtype=uint8), array([[150]], dtype=uint8),
       array([[151]], dtype=uint8), array([[152]], dtype=uint8),
       array([[153]], dtype=uint8), array([[154]], dtype=uint8),
       array([[155]], dtype=uint8), array([[156]], dtype=uint8),
       array([[157]], dtype=uint8), array([[158]], dtype=uint8),
       array([[159]], dtype=uint8), array([[160]], dtype=uint8),
       array([[161]], dtype=uint8), array([[162]], dtype=uint8),
       array([[163]], dtype=uint8), array([[164]], dtype=uint8),
       array([[165]], dtype=uint8), array([[166]], dtype=uint8),
       array([[167]], dtype=uint8), array([[168]], dtype=uint8),
       array([[169]], dtype=uint8), array([[170]], dtype=uint8),
       array([[171]], dtype=uint8), array([[172]], dtype=uint8),
       array([[173]], dtype=uint8), array([[174]], dtype=uint8),
       array([[175]], dtype=uint8), array([[176]], dtype=uint8),
       array([[177]], dtype=uint8), array([[178]], dtype=uint8),
       array([[179]], dtype=uint8), array([[180]], dtype=uint8),
       array([[181]], dtype=uint8), array([[182]], dtype=uint8),
       array([[183]], dtype=uint8), array([[184]], dtype=uint8),
       array([[185]], dtype=uint8), array([[186]], dtype=uint8),
       array([[187]], dtype=uint8), array([[188]], dtype=uint8),
       array([[189]], dtype=uint8), array([[190]], dtype=uint8),
       array([[191]], dtype=uint8), array([[192]], dtype=uint8),
       array([[193]], dtype=uint8), array([[194]], dtype=uint8),
       array([[195]], dtype=uint8), array([[196]], dtype=uint8)],
      dtype=object), array([3, 2, 3, 3, 3, 3, 2, 3, 3, 2, 2, 2, 3, 3, 3, 3, 3, 3, 3, 3, 3, 3,
       2, 3, 2, 2, 2, 3, 3, 3, 3, 3, 3, 3, 3, 3, 2, 3, 2, 2, 2, 2, 3, 3,
       2, 3, 2, 3, 2, 3, 3, 3, 3, 2, 2, 3, 2, 3, 3, 2, 3, 2, 3, 2, 3, 3,
       2, 2, 2, 3, 2, 3, 3, 3, 3, 3, 3, 2, 3, 3, 3, 3, 3, 3, 3, 3, 3, 2,
       3, 3, 2, 2, 2, 3, 3, 3, 3, 3, 2, 2, 3, 2, 2, 3, 3, 3, 3, 3, 3, 3,
       3, 3, 3, 3, 3, 2, 3, 3, 4, 3, 3, 2, 3, 2, 3, 3, 3, 2, 2, 3, 3, 3,
       3, 2, 3, 2, 3, 2, 3, 3, 2, 2, 2, 3, 3, 3, 3, 3, 3, 2, 3, 2, 3, 3,
       3, 2, 2, 2, 2, 3, 3, 3, 2, 3, 3, 3, 3, 3, 2, 3, 3, 3, 3, 3, 2, 2,
       3, 3, 3, 3, 2, 3, 3, 3, 2, 2, 3, 3, 3, 3, 3, 3, 3, 3, 3, 2]))
2026-08-18 19:52:01,077 [MainThread  ] [INFO ]  training data label, percentage: [0.00568182 0.00378788 0.00568182 0.00568182 0.00568182 0.00568182
 0.00378788 0.00568182 0.00568182 0.00378788 0.00378788 0.00378788
 0.00568182 0.00568182 0.00568182 0.00568182 0.00568182 0.00568182
 0.00568182 0.00568182 0.00568182 0.00568182 0.00378788 0.00568182
 0.00378788 0.00378788 0.00378788 0.00568182 0.00568182 0.00568182
 0.00568182 0.00568182 0.00568182 0.00568182 0.00568182 0.00568182
 0.00378788 0.00568182 0.00378788 0.00378788 0.00378788 0.00378788
 0.00568182 0.00568182 0.00378788 0.00568182 0.00378788 0.00568182
 0.00378788 0.00568182 0.00568182 0.00568182 0.00568182 0.00378788
 0.00378788 0.00568182 0.00378788 0.00568182 0.00568182 0.00378788
 0.00568182 0.00378788 0.00568182 0.00378788 0.00568182 0.00568182
 0.00378788 0.00378788 0.00378788 0.00568182 0.00378788 0.00568182
 0.00568182 0.00568182 0.00568182 0.00568182 0.00568182 0.00378788
 0.00568182 0.00568182 0.00568182 0.00568182 0.00568182 0.00568182
 0.00568182 0.00568182 0.00568182 0.00378788 0.00568182 0.00568182
 0.00378788 0.00378788 0.00378788 0.00568182 0.00568182 0.00568182
 0.00568182 0.00568182 0.00378788 0.00378788 0.00568182 0.00378788
 0.00378788 0.00568182 0.00568182 0.00568182 0.00568182 0.00568182
 0.00568182 0.00568182 0.00568182 0.00568182 0.00568182 0.00568182
 0.00568182 0.00378788 0.00568182 0.00568182 0.00757576 0.00568182
 0.00568182 0.00378788 0.00568182 0.00378788 0.00568182 0.00568182
 0.00568182 0.00378788 0.00378788 0.00568182 0.00568182 0.00568182
 0.00568182 0.00378788 0.00568182 0.00378788 0.00568182 0.00378788
 0.00568182 0.00568182 0.00378788 0.00378788 0.00378788 0.00568182
 0.00568182 0.00568182 0.00568182 0.00568182 0.00568182 0.00378788
 0.00568182 0.00378788 0.00568182 0.00568182 0.00568182 0.00378788
 0.00378788 0.00378788 0.00378788 0.00568182 0.00568182 0.00568182
 0.00378788 0.00568182 0.00568182 0.00568182 0.00568182 0.00568182
 0.00378788 0.00568182 0.00568182 0.00568182 0.00568182 0.00568182
 0.00378788 0.00378788 0.00568182 0.00568182 0.00568182 0.00568182
 0.00378788 0.00568182 0.00568182 0.00568182 0.00378788 0.00378788
 0.00568182 0.00568182 0.00568182 0.00568182 0.00568182 0.00568182
 0.00568182 0.00568182 0.00568182 0.00378788]
2026-08-18 19:52:01,085 [MainThread  ] [INFO ]  validation data label, unique count: (array([array([[1]], dtype=uint8), array([[2]], dtype=uint8),
       array([[3]], dtype=uint8), array([[4]], dtype=uint8),
       array([[5]], dtype=uint8), array([[6]], dtype=uint8),
       array([[7]], dtype=uint8), array([[8]], dtype=uint8),
       array([[9]], dtype=uint8), array([[10]], dtype=uint8),
       array([[11]], dtype=uint8), array([[12]], dtype=uint8),
       array([[13]], dtype=uint8), array([[14]], dtype=uint8),
       array([[15]], dtype=uint8), array([[16]], dtype=uint8),
       array([[17]], dtype=uint8), array([[18]], dtype=uint8),
       array([[19]], dtype=uint8), array([[20]], dtype=uint8),
       array([[21]], dtype=uint8), array([[22]], dtype=uint8),
       array([[23]], dtype=uint8), array([[24]], dtype=uint8),
       array([[25]], dtype=uint8), array([[26]], dtype=uint8),
       array([[27]], dtype=uint8), array([[28]], dtype=uint8),
       array([[29]], dtype=uint8), array([[30]], dtype=uint8),
       array([[31]], dtype=uint8), array([[32]], dtype=uint8),
       array([[33]], dtype=uint8), array([[34]], dtype=uint8),
       array([[35]], dtype=uint8), array([[36]], dtype=uint8),
       array([[37]], dtype=uint8), array([[38]], dtype=uint8),
       array([[39]], dtype=uint8), array([[40]], dtype=uint8),
       array([[41]], dtype=uint8), array([[42]], dtype=uint8),
       array([[43]], dtype=uint8), array([[44]], dtype=uint8),
       array([[45]], dtype=uint8), array([[46]], dtype=uint8),
       array([[47]], dtype=uint8), array([[48]], dtype=uint8),
       array([[49]], dtype=uint8), array([[50]], dtype=uint8),
       array([[51]], dtype=uint8), array([[52]], dtype=uint8),
       array([[53]], dtype=uint8), array([[54]], dtype=uint8),
       array([[55]], dtype=uint8), array([[56]], dtype=uint8),
       array([[57]], dtype=uint8), array([[58]], dtype=uint8),
       array([[59]], dtype=uint8), array([[60]], dtype=uint8),
       array([[61]], dtype=uint8), array([[62]], dtype=uint8),
       array([[63]], dtype=uint8), array([[64]], dtype=uint8),
       array([[65]], dtype=uint8), array([[66]], dtype=uint8),
       array([[67]], dtype=uint8), array([[68]], dtype=uint8),
       array([[69]], dtype=uint8), array([[70]], dtype=uint8),
       array([[71]], dtype=uint8), array([[72]], dtype=uint8),
       array([[73]], dtype=uint8), array([[74]], dtype=uint8),
       array([[75]], dtype=uint8), array([[76]], dtype=uint8),
       array([[77]], dtype=uint8), array([[78]], dtype=uint8),
       array([[79]], dtype=uint8), array([[80]], dtype=uint8),
       array([[81]], dtype=uint8), array([[82]], dtype=uint8),
       array([[83]], dtype=uint8), array([[84]], dtype=uint8),
       array([[85]], dtype=uint8), array([[86]], dtype=uint8),
       array([[87]], dtype=uint8), array([[88]], dtype=uint8),
       array([[89]], dtype=uint8), array([[90]], dtype=uint8),
       array([[91]], dtype=uint8), array([[92]], dtype=uint8),
       array([[93]], dtype=uint8), array([[94]], dtype=uint8),
       array([[95]], dtype=uint8), array([[96]], dtype=uint8),
       array([[97]], dtype=uint8), array([[98]], dtype=uint8),
       array([[99]], dtype=uint8), array([[100]], dtype=uint8),
       array([[101]], dtype=uint8), array([[102]], dtype=uint8),
       array([[103]], dtype=uint8), array([[104]], dtype=uint8),
       array([[105]], dtype=uint8), array([[106]], dtype=uint8),
       array([[107]], dtype=uint8), array([[108]], dtype=uint8),
       array([[109]], dtype=uint8), array([[110]], dtype=uint8),
       array([[111]], dtype=uint8), array([[112]], dtype=uint8),
       array([[113]], dtype=uint8), array([[114]], dtype=uint8),
       array([[115]], dtype=uint8), array([[116]], dtype=uint8),
       array([[117]], dtype=uint8), array([[118]], dtype=uint8),
       array([[119]], dtype=uint8), array([[120]], dtype=uint8),
       array([[121]], dtype=uint8), array([[122]], dtype=uint8),
       array([[123]], dtype=uint8), array([[124]], dtype=uint8),
       array([[125]], dtype=uint8), array([[126]], dtype=uint8),
       array([[127]], dtype=uint8), array([[128]], dtype=uint8),
       array([[129]], dtype=uint8), array([[130]], dtype=uint8),
       array([[131]], dtype=uint8), array([[132]], dtype=uint8),
       array([[133]], dtype=uint8), array([[134]], dtype=uint8),
       array([[135]], dtype=uint8), array([[136]], dtype=uint8),
       array([[137]], dtype=uint8), array([[138]], dtype=uint8),
       array([[139]], dtype=uint8), array([[140]], dtype=uint8),
       array([[141]], dtype=uint8), array([[142]], dtype=uint8),
       array([[143]], dtype=uint8), array([[144]], dtype=uint8),
       array([[145]], dtype=uint8), array([[146]], dtype=uint8),
       array([[147]], dtype=uint8), array([[148]], dtype=uint8),
       array([[149]], dtype=uint8), array([[150]], dtype=uint8),
       array([[151]], dtype=uint8), array([[152]], dtype=uint8),
       array([[153]], dtype=uint8), array([[154]], dtype=uint8),
       array([[155]], dtype=uint8), array([[156]], dtype=uint8),
       array([[157]], dtype=uint8), array([[158]], dtype=uint8),
       array([[159]], dtype=uint8), array([[160]], dtype=uint8),
       array([[161]], dtype=uint8), array([[162]], dtype=uint8),
       array([[163]], dtype=uint8), array([[164]], dtype=uint8),
       array([[165]], dtype=uint8), array([[166]], dtype=uint8),
       array([[167]], dtype=uint8), array([[168]], dtype=uint8),
       array([[169]], dtype=uint8), array([[170]], dtype=uint8),
       array([[171]], dtype=uint8), array([[172]], dtype=uint8),
       array([[173]], dtype=uint8), array([[174]], dtype=uint8),
       array([[175]], dtype=uint8), array([[176]], dtype=uint8),
       array([[177]], dtype=uint8), array([[178]], dtype=uint8),
       array([[179]], dtype=uint8), array([[180]], dtype=uint8),
       array([[181]], dtype=uint8), array([[182]], dtype=uint8),
       array([[183]], dtype=uint8), array([[184]], dtype=uint8),
       array([[185]], dtype=uint8), array([[186]], dtype=uint8),
       array([[187]], dtype=uint8), array([[188]], dtype=uint8),
       array([[189]], dtype=uint8), array([[190]], dtype=uint8),
       array([[191]], dtype=uint8), array([[192]], dtype=uint8),
       array([[193]], dtype=uint8), array([[194]], dtype=uint8),
       array([[195]], dtype=uint8), array([[196]], dtype=uint8)],
      dtype=object), array([3, 2, 3, 3, 2, 3, 2, 3, 3, 2, 2, 2, 3, 3, 3, 3, 2, 3, 2, 3, 3, 3,
       2, 3, 2, 2, 2, 3, 3, 3, 3, 3, 3, 3, 3, 3, 2, 2, 2, 2, 2, 2, 3, 3,
       2, 3, 2, 3, 2, 3, 3, 3, 3, 2, 2, 3, 2, 3, 3, 2, 3, 2, 3, 2, 3, 3,
       2, 2, 2, 3, 2, 3, 3, 3, 3, 3, 2, 2, 3, 3, 3, 3, 2, 3, 3, 3, 3, 2,
       3, 3, 2, 2, 2, 3, 3, 3, 3, 3, 2, 2, 3, 2, 2, 3, 3, 3, 3, 3, 3, 3,
       3, 3, 3, 3, 3, 2, 3, 3, 4, 3, 3, 2, 3, 2, 3, 3, 3, 2, 2, 3, 3, 3,
       3, 2, 3, 2, 3, 2, 3, 3, 2, 2, 2, 3, 3, 3, 3, 3, 3, 2, 3, 2, 3, 3,
       3, 2, 2, 2, 2, 3, 3, 3, 2, 3, 3, 3, 3, 3, 2, 3, 3, 3, 3, 3, 2, 2,
       3, 3, 3, 3, 2, 3, 3, 2, 2, 2, 3, 3, 2, 3, 3, 3, 3, 3, 3, 2]))
2026-08-18 19:52:01,116 [MainThread  ] [INFO ]  validation data label, percentage: [0.00576923 0.00384615 0.00576923 0.00576923 0.00384615 0.00576923
 0.00384615 0.00576923 0.00576923 0.00384615 0.00384615 0.00384615
 0.00576923 0.00576923 0.00576923 0.00576923 0.00384615 0.00576923
 0.00384615 0.00576923 0.00576923 0.00576923 0.00384615 0.00576923
 0.00384615 0.00384615 0.00384615 0.00576923 0.00576923 0.00576923
 0.00576923 0.00576923 0.00576923 0.00576923 0.00576923 0.00576923
 0.00384615 0.00384615 0.00384615 0.00384615 0.00384615 0.00384615
 0.00576923 0.00576923 0.00384615 0.00576923 0.00384615 0.00576923
 0.00384615 0.00576923 0.00576923 0.00576923 0.00576923 0.00384615
 0.00384615 0.00576923 0.00384615 0.00576923 0.00576923 0.00384615
 0.00576923 0.00384615 0.00576923 0.00384615 0.00576923 0.00576923
 0.00384615 0.00384615 0.00384615 0.00576923 0.00384615 0.00576923
 0.00576923 0.00576923 0.00576923 0.00576923 0.00384615 0.00384615
 0.00576923 0.00576923 0.00576923 0.00576923 0.00384615 0.00576923
 0.00576923 0.00576923 0.00576923 0.00384615 0.00576923 0.00576923
 0.00384615 0.00384615 0.00384615 0.00576923 0.00576923 0.00576923
 0.00576923 0.00576923 0.00384615 0.00384615 0.00576923 0.00384615
 0.00384615 0.00576923 0.00576923 0.00576923 0.00576923 0.00576923
 0.00576923 0.00576923 0.00576923 0.00576923 0.00576923 0.00576923
 0.00576923 0.00384615 0.00576923 0.00576923 0.00769231 0.00576923
 0.00576923 0.00384615 0.00576923 0.00384615 0.00576923 0.00576923
 0.00576923 0.00384615 0.00384615 0.00576923 0.00576923 0.00576923
 0.00576923 0.00384615 0.00576923 0.00384615 0.00576923 0.00384615
 0.00576923 0.00576923 0.00384615 0.00384615 0.00384615 0.00576923
 0.00576923 0.00576923 0.00576923 0.00576923 0.00576923 0.00384615
 0.00576923 0.00384615 0.00576923 0.00576923 0.00576923 0.00384615
 0.00384615 0.00384615 0.00384615 0.00576923 0.00576923 0.00576923
 0.00384615 0.00576923 0.00576923 0.00576923 0.00576923 0.00576923
 0.00384615 0.00576923 0.00576923 0.00576923 0.00576923 0.00576923
 0.00384615 0.00384615 0.00576923 0.00576923 0.00576923 0.00576923
 0.00384615 0.00576923 0.00576923 0.00384615 0.00384615 0.00384615
 0.00576923 0.00576923 0.00384615 0.00576923 0.00576923 0.00576923
 0.00576923 0.00576923 0.00576923 0.00384615]
2026-08-18 19:52:01,118 [MainThread  ] [INFO ]  epoch number: 0
2026-08-18 19:52:01,125 [MainThread  ] [DEBUG]  image: ./stanford_cars/cars_train/05876.jpg is a ['Lamborghini Diablo Coupe 2001'] with label 152
2026-08-18 19:52:01,126 [MainThread  ] [DEBUG]  Importing JpegImagePlugin
2026-08-18 19:52:01,137 [MainThread  ] [DEBUG]  image: ./stanford_cars/cars_train/02196.jpg is a ['GMC Canyon Extended Cab 2012'] with label 121
2026-08-18 19:52:01,146 [MainThread  ] [DEBUG]  image: ./stanford_cars/cars_train/02236.jpg is a ['Spyker C8 Convertible 2009'] with label 178
2026-08-18 19:52:01,154 [MainThread  ] [DEBUG]  image: ./stanford_cars/cars_train/06453.jpg is a ['Aston Martin Virage Convertible 2012'] with label 9
2026-08-18 19:52:01,168 [MainThread  ] [DEBUG]  image: ./stanford_cars/cars_train/07287.jpg is a ['Hyundai Tucson SUV 2012'] with label 131
2026-08-18 19:52:01,185 [MainThread  ] [DEBUG]  image: ./stanford_cars/cars_train/03705.jpg is a ['Hyundai Elantra Sedan 2007'] with label 134
2026-08-18 19:52:01,196 [MainThread  ] [DEBUG]  image: ./stanford_cars/cars_train/05152.jpg is a ['Chevrolet Camaro Convertible 2012'] with label 58
2026-08-18 19:52:01,199 [MainThread  ] [DEBUG]  image: ./stanford_cars/cars_train/06544.jpg is a ['Ford GT Coupe 2006'] with label 111
2026-08-18 19:52:01,216 [MainThread  ] [DEBUG]  running forward and backward pass
2026-08-18 19:52:01,591 [MainThread  ] [DEBUG]  fraction of training data processed: 0.000000
2026-08-18 19:52:01,591 [MainThread  ] [DEBUG]  batch running training loss: 5.788911
2026-08-18 19:52:01,591 [MainThread  ] [DEBUG]  batch running training accuracy: 0.000000
2026-08-18 19:52:01,591 [MainThread  ] [DEBUG]  image: ./stanford_cars/cars_train/04931.jpg is a ['Audi V8 Sedan 1994'] with label 15
2026-08-18 19:52:01,635 [MainThread  ] [DEBUG]  image: ./stanford_cars/cars_train/00406.jpg is a ['Chevrolet Silverado 1500 Regular Cab 2012'] with label 74
2026-08-18 19:52:01,657 [MainThread  ] [DEBUG]  image: ./stanford_cars/cars_train/05255.jpg is a ['BMW 3 Series Sedan 2012'] with label 28
2026-08-18 19:52:01,662 [MainThread  ] [DEBUG]  image: ./stanford_cars/cars_train/07933.jpg is a ['Ford Freestar Minivan 2007'] with label 107
2026-08-18 19:52:01,670 [MainThread  ] [DEBUG]  image: ./stanford_cars/cars_train/00505.jpg is a ['Honda Accord Sedan 2012'] with label 128
2026-08-18 19:52:01,673 [MainThread  ] [DEBUG]  image: ./stanford_cars/cars_train/04121.jpg is a ['Aston Martin V8 Vantage Convertible 2012'] with label 7
2026-08-18 19:52:01,679 [MainThread  ] [DEBUG]  image: ./stanford_cars/cars_train/00235.jpg is a ['Ford Ranger SuperCab 2011'] with label 110
2026-08-18 19:52:01,686 [MainThread  ] [DEBUG]  image: ./stanford_cars/cars_train/01844.jpg is a ['Volvo 240 Sedan 1993'] with label 193
2026-08-18 19:52:01,696 [MainThread  ] [DEBUG]  running forward and backward pass
2026-08-18 19:52:01,923 [MainThread  ] [DEBUG]  fraction of training data processed: 1.515152
2026-08-18 19:52:01,923 [MainThread  ] [DEBUG]  batch running training loss: 11.528691
2026-08-18 19:52:01,923 [MainThread  ] [DEBUG]  batch running training accuracy: 0.000000
2026-08-18 19:52:01,924 [MainThread  ] [DEBUG]  image: ./stanford_cars/cars_train/04282.jpg is a ['Porsche Panamera Sedan 2012'] with label 172
2026-08-18 19:52:01,974 [MainThread  ] [DEBUG]  image: ./stanford_cars/cars_train/06048.jpg is a ['Chevrolet Corvette Ron Fellows Edition Z06 2007'] with label 56
2026-08-18 19:52:01,981 [MainThread  ] [DEBUG]  image: ./stanford_cars/cars_train/02334.jpg is a ['Audi TT RS Coupe 2012'] with label 24
2026-08-18 19:52:02,000 [MainThread  ] [DEBUG]  image: ./stanford_cars/cars_train/00289.jpg is a ['Audi R8 Coupe 2012'] with label 14
2026-08-18 19:52:02,015 [MainThread  ] [DEBUG]  image: ./stanford_cars/cars_train/02826.jpg is a ['Mitsubishi Lancer Sedan 2012'] with label 166
2026-08-18 19:52:02,032 [MainThread  ] [DEBUG]  image: ./stanford_cars/cars_train/00708.jpg is a ['Mercedes-Benz E-Class Sedan 2012'] with label 163
2026-08-18 19:52:02,052 [MainThread  ] [DEBUG]  image: ./stanford_cars/cars_train/07523.jpg is a ['Eagle Talon Hatchback 1998'] with label 97
2026-08-18 19:52:02,069 [MainThread  ] [DEBUG]  image: ./stanford_cars/cars_train/04430.jpg is a ['Ferrari California Convertible 2012'] with label 101
2026-08-18 19:52:02,081 [MainThread  ] [DEBUG]  running forward and backward pass
2026-08-18 19:52:02,298 [MainThread  ] [DEBUG]  fraction of training data processed: 3.030303
2026-08-18 19:52:02,298 [MainThread  ] [DEBUG]  batch running training loss: 16.919138
2026-08-18 19:52:02,299 [MainThread  ] [DEBUG]  batch running training accuracy: 0.000000
2026-08-18 19:52:02,299 [MainThread  ] [DEBUG]  image: ./stanford_cars/cars_train/02328.jpg is a ['Ferrari FF Coupe 2012'] with label 100
2026-08-18 19:52:02,312 [MainThread  ] [DEBUG]  image: ./stanford_cars/cars_train/06209.jpg is a ['Dodge Ram Pickup 3500 Quad Cab 2009'] with label 86
2026-08-18 19:52:02,323 [MainThread  ] [DEBUG]  image: ./stanford_cars/cars_train/04253.jpg is a ['Nissan 240SX Coupe 1998'] with label 170
2026-08-18 19:52:02,329 [MainThread  ] [DEBUG]  image: ./stanford_cars/cars_train/00795.jpg is a ['Cadillac CTS-V Sedan 2012'] with label 50
2026-08-18 19:52:02,332 [MainThread  ] [DEBUG]  image: ./stanford_cars/cars_train/02097.jpg is a ['Chevrolet Silverado 1500 Regular Cab 2012'] with label 74
2026-08-18 19:52:02,347 [MainThread  ] [DEBUG]  image: ./stanford_cars/cars_train/06153.jpg is a ['HUMMER H2 SUT Crew Cab 2009'] with label 124
2026-08-18 19:52:02,353 [MainThread  ] [DEBUG]  image: ./stanford_cars/cars_train/05155.jpg is a ['GMC Yukon Hybrid SUV 2012'] with label 119
2026-08-18 19:52:02,390 [MainThread  ] [DEBUG]  image: ./stanford_cars/cars_train/02154.jpg is a ['BMW 3 Series Sedan 2012'] with label 28
2026-08-18 19:52:02,398 [MainThread  ] [DEBUG]  running forward and backward pass
2026-08-18 19:52:02,619 [MainThread  ] [DEBUG]  fraction of training data processed: 4.545455
2026-08-18 19:52:02,619 [MainThread  ] [DEBUG]  batch running training loss: 22.495448
2026-08-18 19:52:02,619 [MainThread  ] [DEBUG]  batch running training accuracy: 0.000000
2026-08-18 19:52:02,619 [MainThread  ] [DEBUG]  image: ./stanford_cars/cars_train/05437.jpg is a ['Chevrolet Impala Sedan 2007'] with label 60
2026-08-18 19:52:03,026 [MainThread  ] [DEBUG]  image: ./stanford_cars/cars_train/02600.jpg is a ['Audi 100 Sedan 1994'] with label 16
2026-08-18 19:52:03,034 [MainThread  ] [DEBUG]  image: ./stanford_cars/cars_train/06248.jpg is a ['Dodge Dakota Crew Cab 2010'] with label 89
2026-08-18 19:52:03,040 [MainThread  ] [DEBUG]  image: ./stanford_cars/cars_train/01272.jpg is a ['Hyundai Tucson SUV 2012'] with label 131
2026-08-18 19:52:03,061 [MainThread  ] [DEBUG]  image: ./stanford_cars/cars_train/06267.jpg is a ['Ferrari 458 Italia Convertible 2012'] with label 102
2026-08-18 19:52:03,066 [MainThread  ] [DEBUG]  image: ./stanford_cars/cars_train/05105.jpg is a ['BMW 3 Series Wagon 2012'] with label 29
2026-08-18 19:52:03,070 [MainThread  ] [DEBUG]  image: ./stanford_cars/cars_train/06472.jpg is a ['Mercedes-Benz Sprinter Van 2012'] with label 165
2026-08-18 19:52:03,075 [MainThread  ] [DEBUG]  image: ./stanford_cars/cars_train/03578.jpg is a ['Buick Verano Sedan 2012'] with label 48
2026-08-18 19:52:03,089 [MainThread  ] [DEBUG]  running forward and backward pass
2026-08-18 19:52:03,324 [MainThread  ] [DEBUG]  fraction of training data processed: 6.060606
2026-08-18 19:52:03,324 [MainThread  ] [DEBUG]  batch running training loss: 28.259441
2026-08-18 19:52:03,324 [MainThread  ] [DEBUG]  batch running training accuracy: 0.000000
2026-08-18 19:52:03,324 [MainThread  ] [DEBUG]  image: ./stanford_cars/cars_train/05352.jpg is a ['Hyundai Tucson SUV 2012'] with label 131
2026-08-18 19:52:03,336 [MainThread  ] [DEBUG]  image: ./stanford_cars/cars_train/07434.jpg is a ['Hyundai Veracruz SUV 2012'] with label 132
2026-08-18 19:52:03,347 [MainThread  ] [DEBUG]  image: ./stanford_cars/cars_train/03194.jpg is a ['Chrysler Sebring Convertible 2010'] with label 76
2026-08-18 19:52:03,392 [MainThread  ] [DEBUG]  image: ./stanford_cars/cars_train/07588.jpg is a ['Jeep Grand Cherokee SUV 2012'] with label 147
2026-08-18 19:52:03,397 [MainThread  ] [DEBUG]  image: ./stanford_cars/cars_train/01122.jpg is a ['BMW M3 Coupe 2012'] with label 33
2026-08-18 19:52:03,408 [MainThread  ] [DEBUG]  image: ./stanford_cars/cars_train/00304.jpg is a ['Lincoln Town Car Sedan 2011'] with label 155
2026-08-18 19:52:03,414 [MainThread  ] [DEBUG]  image: ./stanford_cars/cars_train/02038.jpg is a ['Dodge Charger Sedan 2012'] with label 95
2026-08-18 19:52:03,426 [MainThread  ] [DEBUG]  image: ./stanford_cars/cars_train/06098.jpg is a ['Ferrari 458 Italia Coupe 2012'] with label 103
2026-08-18 19:52:03,440 [MainThread  ] [DEBUG]  running forward and backward pass
2026-08-18 19:52:03,673 [MainThread  ] [DEBUG]  fraction of training data processed: 7.575758
2026-08-18 19:52:03,673 [MainThread  ] [DEBUG]  batch running training loss: 33.831983
2026-08-18 19:52:03,673 [MainThread  ] [DEBUG]  batch running training accuracy: 0.000000
2026-08-18 19:52:03,673 [MainThread  ] [DEBUG]  image: ./stanford_cars/cars_train/00568.jpg is a ['Hyundai Sonata Sedan 2012'] with label 137
2026-08-18 19:52:03,680 [MainThread  ] [DEBUG]  image: ./stanford_cars/cars_train/00299.jpg is a ['Jeep Liberty SUV 2012'] with label 146
2026-08-18 19:52:03,704 [MainThread  ] [DEBUG]  image: ./stanford_cars/cars_train/04824.jpg is a ['Mercedes-Benz C-Class Sedan 2012'] with label 161
2026-08-18 19:52:03,745 [MainThread  ] [DEBUG]  image: ./stanford_cars/cars_train/05559.jpg is a ['Chrysler 300 SRT-8 2010'] with label 78
2026-08-18 19:52:03,756 [MainThread  ] [DEBUG]  image: ./stanford_cars/cars_train/01976.jpg is a ['Mercedes-Benz 300-Class Convertible 1993'] with label 160
2026-08-18 19:52:03,762 [MainThread  ] [DEBUG]  image: ./stanford_cars/cars_train/04983.jpg is a ['Lamborghini Aventador Coupe 2012'] with label 150
2026-08-18 19:52:03,767 [MainThread  ] [DEBUG]  image: ./stanford_cars/cars_train/05238.jpg is a ['Infiniti G Coupe IPL 2012'] with label 140
2026-08-18 19:52:03,784 [MainThread  ] [DEBUG]  image: ./stanford_cars/cars_train/04411.jpg is a ['McLaren MP4-12C Coupe 2012'] with label 159
2026-08-18 19:52:03,790 [MainThread  ] [DEBUG]  running forward and backward pass
2026-08-18 19:52:03,993 [MainThread  ] [DEBUG]  fraction of training data processed: 9.090909
2026-08-18 19:52:03,993 [MainThread  ] [DEBUG]  batch running training loss: 39.878066
2026-08-18 19:52:03,993 [MainThread  ] [DEBUG]  batch running training accuracy: 0.000000
2026-08-18 19:52:03,993 [MainThread  ] [DEBUG]  image: ./stanford_cars/cars_train/02723.jpg is a ['Mercedes-Benz SL-Class Coupe 2009'] with label 162
2026-08-18 19:52:04,001 [MainThread  ] [DEBUG]  image: ./stanford_cars/cars_train/05749.jpg is a ['Toyota 4Runner SUV 2012'] with label 188
2026-08-18 19:52:04,006 [MainThread  ] [DEBUG]  image: ./stanford_cars/cars_train/02201.jpg is a ['McLaren MP4-12C Coupe 2012'] with label 159
2026-08-18 19:52:04,026 [MainThread  ] [DEBUG]  image: ./stanford_cars/cars_train/05461.jpg is a ['Ferrari California Convertible 2012'] with label 101
2026-08-18 19:52:04,033 [MainThread  ] [DEBUG]  image: ./stanford_cars/cars_train/00115.jpg is a ['Dodge Caliber Wagon 2012'] with label 82
2026-08-18 19:52:04,038 [MainThread  ] [DEBUG]  image: ./stanford_cars/cars_train/04815.jpg is a ['Hyundai Sonata Hybrid Sedan 2012'] with label 133
2026-08-18 19:52:04,046 [MainThread  ] [DEBUG]  image: ./stanford_cars/cars_train/04978.jpg is a ['BMW M5 Sedan 2010'] with label 34
2026-08-18 19:52:04,056 [MainThread  ] [DEBUG]  image: ./stanford_cars/cars_train/00892.jpg is a ['Toyota 4Runner SUV 2012'] with label 188
2026-08-18 19:52:04,084 [MainThread  ] [DEBUG]  running forward and backward pass
2026-08-18 19:52:04,284 [MainThread  ] [DEBUG]  fraction of training data processed: 10.606061
2026-08-18 19:52:04,284 [MainThread  ] [DEBUG]  batch running training loss: 46.281035
2026-08-18 19:52:04,285 [MainThread  ] [DEBUG]  batch running training accuracy: 0.000000
2026-08-18 19:52:04,285 [MainThread  ] [DEBUG]  image: ./stanford_cars/cars_train/05167.jpg is a ['Ram C/V Cargo Van Minivan 2012'] with label 173
2026-08-18 19:52:04,288 [MainThread  ] [DEBUG]  image: ./stanford_cars/cars_train/02510.jpg is a ['Nissan 240SX Coupe 1998'] with label 170
2026-08-18 19:52:04,308 [MainThread  ] [DEBUG]  image: ./stanford_cars/cars_train/04645.jpg is a ['Nissan Leaf Hatchback 2012'] with label 167
2026-08-18 19:52:04,319 [MainThread  ] [DEBUG]  image: ./stanford_cars/cars_train/04002.jpg is a ['Chevrolet Corvette ZR1 2012'] with label 55
2026-08-18 19:52:04,327 [MainThread  ] [DEBUG]  image: ./stanford_cars/cars_train/03283.jpg is a ['Audi R8 Coupe 2012'] with label 14
2026-08-18 19:52:04,338 [MainThread  ] [DEBUG]  image: ./stanford_cars/cars_train/02732.jpg is a ['Dodge Sprinter Cargo Van 2009'] with label 87
2026-08-18 19:52:04,344 [MainThread  ] [DEBUG]  image: ./stanford_cars/cars_train/04669.jpg is a ['AM General Hummer SUV 2000'] with label 0
2026-08-18 19:52:04,352 [MainThread  ] [DEBUG]  image: ./stanford_cars/cars_train/07857.jpg is a ['Mercedes-Benz Sprinter Van 2012'] with label 165
2026-08-18 19:52:04,361 [MainThread  ] [DEBUG]  running forward and backward pass
2026-08-18 19:52:04,572 [MainThread  ] [DEBUG]  fraction of training data processed: 12.121212
2026-08-18 19:52:04,573 [MainThread  ] [DEBUG]  batch running training loss: 52.243139
2026-08-18 19:52:04,573 [MainThread  ] [DEBUG]  batch running training accuracy: 0.000000
2026-08-18 19:52:04,573 [MainThread  ] [DEBUG]  image: ./stanford_cars/cars_train/07935.jpg is a ['Spyker C8 Convertible 2009'] with label 178
2026-08-18 19:52:04,588 [MainThread  ] [DEBUG]  image: ./stanford_cars/cars_train/07355.jpg is a ['Dodge Caravan Minivan 1997'] with label 84
2026-08-18 19:52:04,595 [MainThread  ] [DEBUG]  image: ./stanford_cars/cars_train/06624.jpg is a ['Acura RL Sedan 2012'] with label 1
2026-08-18 19:52:04,606 [MainThread  ] [DEBUG]  image: ./stanford_cars/cars_train/05897.jpg is a ['BMW X3 SUV 2012'] with label 36
2026-08-18 19:52:04,612 [MainThread  ] [DEBUG]  image: ./stanford_cars/cars_train/04910.jpg is a ['Ferrari 458 Italia Coupe 2012'] with label 103
2026-08-18 19:52:04,646 [MainThread  ] [DEBUG]  image: ./stanford_cars/cars_train/00453.jpg is a ['GMC Acadia SUV 2012'] with label 120
2026-08-18 19:52:04,654 [MainThread  ] [DEBUG]  image: ./stanford_cars/cars_train/07220.jpg is a ['Mercedes-Benz E-Class Sedan 2012'] with label 163
2026-08-18 19:52:04,670 [MainThread  ] [DEBUG]  image: ./stanford_cars/cars_train/00852.jpg is a ['Volvo XC90 SUV 2007'] with label 194
2026-08-18 19:52:04,709 [MainThread  ] [DEBUG]  running forward and backward pass
2026-08-18 19:52:04,927 [MainThread  ] [DEBUG]  fraction of training data processed: 13.636364
2026-08-18 19:52:04,927 [MainThread  ] [DEBUG]  batch running training loss: 58.135197
2026-08-18 19:52:04,927 [MainThread  ] [DEBUG]  batch running training accuracy: 0.000000
2026-08-18 19:52:04,927 [MainThread  ] [DEBUG]  image: ./stanford_cars/cars_train/00303.jpg is a ['BMW 6 Series Convertible 2007'] with label 30
2026-08-18 19:52:04,933 [MainThread  ] [DEBUG]  image: ./stanford_cars/cars_train/02567.jpg is a ['Mercedes-Benz E-Class Sedan 2012'] with label 163
2026-08-18 19:52:04,959 [MainThread  ] [DEBUG]  image: ./stanford_cars/cars_train/07558.jpg is a ['Ram C/V Cargo Van Minivan 2012'] with label 173
2026-08-18 19:52:04,970 [MainThread  ] [DEBUG]  image: ./stanford_cars/cars_train/04828.jpg is a ['Ford Edge SUV 2012'] with label 109
2026-08-18 19:52:04,975 [MainThread  ] [DEBUG]  image: ./stanford_cars/cars_train/08026.jpg is a ['Audi S4 Sedan 2007'] with label 23
2026-08-18 19:52:04,995 [MainThread  ] [DEBUG]  image: ./stanford_cars/cars_train/02670.jpg is a ['Acura TSX Sedan 2012'] with label 4
2026-08-18 19:52:05,001 [MainThread  ] [DEBUG]  image: ./stanford_cars/cars_train/00663.jpg is a ['Dodge Caliber Wagon 2007'] with label 83
2026-08-18 19:52:05,010 [MainThread  ] [DEBUG]  image: ./stanford_cars/cars_train/00387.jpg is a ['Chevrolet Sonic Sedan 2012'] with label 62
2026-08-18 19:52:05,039 [MainThread  ] [DEBUG]  running forward and backward pass
2026-08-18 19:52:05,260 [MainThread  ] [DEBUG]  fraction of training data processed: 15.151515
2026-08-18 19:52:05,260 [MainThread  ] [DEBUG]  batch running training loss: 64.614457
2026-08-18 19:52:05,260 [MainThread  ] [DEBUG]  batch running training accuracy: 0.000000
2026-08-18 19:52:05,261 [MainThread  ] [DEBUG]  image: ./stanford_cars/cars_train/01090.jpg is a ['Lamborghini Diablo Coupe 2001'] with label 152
2026-08-18 19:52:05,271 [MainThread  ] [DEBUG]  image: ./stanford_cars/cars_train/00962.jpg is a ['Toyota 4Runner SUV 2012'] with label 188
2026-08-18 19:52:05,315 [MainThread  ] [DEBUG]  image: ./stanford_cars/cars_train/04943.jpg is a ['Chevrolet Monte Carlo Coupe 2007'] with label 71
2026-08-18 19:52:05,319 [MainThread  ] [DEBUG]  image: ./stanford_cars/cars_train/07633.jpg is a ['Volvo 240 Sedan 1993'] with label 193
2026-08-18 19:52:05,329 [MainThread  ] [DEBUG]  image: ./stanford_cars/cars_train/04183.jpg is a ['Nissan Juke Hatchback 2012'] with label 169
2026-08-18 19:52:05,349 [MainThread  ] [DEBUG]  image: ./stanford_cars/cars_train/04721.jpg is a ['Chevrolet Silverado 1500 Extended Cab 2012'] with label 73
2026-08-18 19:52:05,354 [MainThread  ] [DEBUG]  image: ./stanford_cars/cars_train/06734.jpg is a ['BMW ActiveHybrid 5 Sedan 2012'] with label 25
2026-08-18 19:52:05,375 [MainThread  ] [DEBUG]  image: ./stanford_cars/cars_train/02687.jpg is a ['Toyota Corolla Sedan 2012'] with label 187
2026-08-18 19:52:05,382 [MainThread  ] [DEBUG]  running forward and backward pass
2026-08-18 19:52:05,617 [MainThread  ] [DEBUG]  fraction of training data processed: 16.666667
2026-08-18 19:52:05,618 [MainThread  ] [DEBUG]  batch running training loss: 70.498891
2026-08-18 19:52:05,618 [MainThread  ] [DEBUG]  batch running training accuracy: 0.000000
2026-08-18 19:52:05,618 [MainThread  ] [DEBUG]  image: ./stanford_cars/cars_train/04520.jpg is a ['Honda Odyssey Minivan 2012'] with label 125
2026-08-18 19:52:05,627 [MainThread  ] [DEBUG]  image: ./stanford_cars/cars_train/07639.jpg is a ['BMW 6 Series Convertible 2007'] with label 30
2026-08-18 19:52:05,632 [MainThread  ] [DEBUG]  image: ./stanford_cars/cars_train/05830.jpg is a ['BMW M6 Convertible 2010'] with label 35
2026-08-18 19:52:05,647 [MainThread  ] [DEBUG]  image: ./stanford_cars/cars_train/07860.jpg is a ['Acura Integra Type R 2001'] with label 5
2026-08-18 19:52:05,656 [MainThread  ] [DEBUG]  image: ./stanford_cars/cars_train/04210.jpg is a ['Spyker C8 Coupe 2009'] with label 179
2026-08-18 19:52:05,667 [MainThread  ] [DEBUG]  image: ./stanford_cars/cars_train/01096.jpg is a ['Mazda Tribute SUV 2011'] with label 158
2026-08-18 19:52:05,678 [MainThread  ] [DEBUG]  image: ./stanford_cars/cars_train/03913.jpg is a ['Hyundai Elantra Sedan 2007'] with label 134
2026-08-18 19:52:05,685 [MainThread  ] [DEBUG]  image: ./stanford_cars/cars_train/01826.jpg is a ['Dodge Caravan Minivan 1997'] with label 84
2026-08-18 19:52:05,695 [MainThread  ] [DEBUG]  running forward and backward pass
2026-08-18 19:52:05,915 [MainThread  ] [DEBUG]  fraction of training data processed: 18.181818
2026-08-18 19:52:05,915 [MainThread  ] [DEBUG]  batch running training loss: 76.781539
2026-08-18 19:52:05,915 [MainThread  ] [DEBUG]  batch running training accuracy: 0.000000
2026-08-18 19:52:05,915 [MainThread  ] [DEBUG]  image: ./stanford_cars/cars_train/06060.jpg is a ['Chevrolet Silverado 1500 Hybrid Crew Cab 2012'] with label 53
2026-08-18 19:52:05,929 [MainThread  ] [DEBUG]  image: ./stanford_cars/cars_train/03464.jpg is a ['Bentley Continental Flying Spur Sedan 2007'] with label 43
2026-08-18 19:52:05,940 [MainThread  ] [DEBUG]  image: ./stanford_cars/cars_train/08050.jpg is a ['Dodge Durango SUV 2012'] with label 93
2026-08-18 19:52:05,951 [MainThread  ] [DEBUG]  image: ./stanford_cars/cars_train/01350.jpg is a ['MINI Cooper Roadster Convertible 2012'] with label 156
2026-08-18 19:52:05,976 [MainThread  ] [DEBUG]  image: ./stanford_cars/cars_train/06049.jpg is a ['Buick Enclave SUV 2012'] with label 49
2026-08-18 19:52:06,028 [MainThread  ] [DEBUG]  image: ./stanford_cars/cars_train/05580.jpg is a ['Dodge Charger SRT-8 2009'] with label 96
2026-08-18 19:52:06,045 [MainThread  ] [DEBUG]  image: ./stanford_cars/cars_train/07757.jpg is a ['GMC Yukon Hybrid SUV 2012'] with label 119
2026-08-18 19:52:06,052 [MainThread  ] [DEBUG]  image: ./stanford_cars/cars_train/02606.jpg is a ['Buick Enclave SUV 2012'] with label 49
2026-08-18 19:52:06,072 [MainThread  ] [DEBUG]  running forward and backward pass
2026-08-18 19:52:06,297 [MainThread  ] [DEBUG]  fraction of training data processed: 19.696970
2026-08-18 19:52:06,297 [MainThread  ] [DEBUG]  batch running training loss: 83.562466
2026-08-18 19:52:06,297 [MainThread  ] [DEBUG]  batch running training accuracy: 0.000000
2026-08-18 19:52:06,297 [MainThread  ] [DEBUG]  image: ./stanford_cars/cars_train/07752.jpg is a ['Acura TL Type-S 2008'] with label 3
2026-08-18 19:52:06,313 [MainThread  ] [DEBUG]  image: ./stanford_cars/cars_train/03634.jpg is a ['BMW 1 Series Coupe 2012'] with label 27
2026-08-18 19:52:06,318 [MainThread  ] [DEBUG]  image: ./stanford_cars/cars_train/01190.jpg is a ['Chevrolet Sonic Sedan 2012'] with label 62
2026-08-18 19:52:06,338 [MainThread  ] [DEBUG]  image: ./stanford_cars/cars_train/00608.jpg is a ['Lamborghini Reventon Coupe 2008'] with label 149
2026-08-18 19:52:06,357 [MainThread  ] [DEBUG]  image: ./stanford_cars/cars_train/02315.jpg is a ['Plymouth Neon Coupe 1999'] with label 171
2026-08-18 19:52:06,366 [MainThread  ] [DEBUG]  image: ./stanford_cars/cars_train/03322.jpg is a ['Honda Odyssey Minivan 2007'] with label 126
2026-08-18 19:52:06,371 [MainThread  ] [DEBUG]  image: ./stanford_cars/cars_train/06420.jpg is a ['Ford Edge SUV 2012'] with label 109
2026-08-18 19:52:06,377 [MainThread  ] [DEBUG]  image: ./stanford_cars/cars_train/00602.jpg is a ['Audi S6 Sedan 2011'] with label 19
2026-08-18 19:52:06,386 [MainThread  ] [DEBUG]  running forward and backward pass
2026-08-18 19:52:06,582 [MainThread  ] [DEBUG]  fraction of training data processed: 21.212121
2026-08-18 19:52:06,582 [MainThread  ] [DEBUG]  batch running training loss: 90.141487
2026-08-18 19:52:06,582 [MainThread  ] [DEBUG]  batch running training accuracy: 0.000000
2026-08-18 19:52:06,582 [MainThread  ] [DEBUG]  image: ./stanford_cars/cars_train/00987.jpg is a ['Bentley Arnage Sedan 2009'] with label 39
2026-08-18 19:52:06,586 [MainThread  ] [DEBUG]  image: ./stanford_cars/cars_train/01318.jpg is a ['Chevrolet Malibu Hybrid Sedan 2010'] with label 66
2026-08-18 19:52:06,594 [MainThread  ] [DEBUG]  image: ./stanford_cars/cars_train/00162.jpg is a ['Rolls-Royce Ghost Sedan 2012'] with label 175
2026-08-18 19:52:06,616 [MainThread  ] [DEBUG]  image: ./stanford_cars/cars_train/07037.jpg is a ['Suzuki Aerio Sedan 2007'] with label 180
2026-08-18 19:52:06,638 [MainThread  ] [DEBUG]  image: ./stanford_cars/cars_train/03179.jpg is a ['Jeep Compass SUV 2012'] with label 148
2026-08-18 19:52:06,698 [MainThread  ] [DEBUG]  image: ./stanford_cars/cars_train/03938.jpg is a ['Mercedes-Benz Sprinter Van 2012'] with label 165
2026-08-18 19:52:06,711 [MainThread  ] [DEBUG]  image: ./stanford_cars/cars_train/04177.jpg is a ['Mercedes-Benz 300-Class Convertible 1993'] with label 160
2026-08-18 19:52:06,818 [MainThread  ] [DEBUG]  image: ./stanford_cars/cars_train/04844.jpg is a ['Ferrari 458 Italia Convertible 2012'] with label 102
2026-08-18 19:52:06,854 [MainThread  ] [DEBUG]  running forward and backward pass
2026-08-18 19:52:07,085 [MainThread  ] [DEBUG]  fraction of training data processed: 22.727273
2026-08-18 19:52:07,085 [MainThread  ] [DEBUG]  batch running training loss: 95.978505
2026-08-18 19:52:07,086 [MainThread  ] [DEBUG]  batch running training accuracy: 0.000000
2026-08-18 19:52:07,086 [MainThread  ] [DEBUG]  image: ./stanford_cars/cars_train/02813.jpg is a ['BMW 6 Series Convertible 2007'] with label 30
2026-08-18 19:52:07,125 [MainThread  ] [DEBUG]  image: ./stanford_cars/cars_train/06492.jpg is a ['Rolls-Royce Ghost Sedan 2012'] with label 175
2026-08-18 19:52:07,143 [MainThread  ] [DEBUG]  image: ./stanford_cars/cars_train/05396.jpg is a ['Buick Enclave SUV 2012'] with label 49
2026-08-18 19:52:07,154 [MainThread  ] [DEBUG]  image: ./stanford_cars/cars_train/05631.jpg is a ['Nissan Juke Hatchback 2012'] with label 169
2026-08-18 19:52:07,194 [MainThread  ] [DEBUG]  image: ./stanford_cars/cars_train/00124.jpg is a ['Cadillac Escalade EXT Crew Cab 2007'] with label 52
2026-08-18 19:52:07,199 [MainThread  ] [DEBUG]  image: ./stanford_cars/cars_train/02960.jpg is a ['Land Rover Range Rover SUV 2012'] with label 153
2026-08-18 19:52:07,204 [MainThread  ] [DEBUG]  image: ./stanford_cars/cars_train/04874.jpg is a ['AM General Hummer SUV 2000'] with label 0
2026-08-18 19:52:07,207 [MainThread  ] [DEBUG]  image: ./stanford_cars/cars_train/06283.jpg is a ['Ford F-150 Regular Cab 2012'] with label 112
2026-08-18 19:52:07,221 [MainThread  ] [DEBUG]  running forward and backward pass
2026-08-18 19:52:07,510 [MainThread  ] [DEBUG]  fraction of training data processed: 24.242424
2026-08-18 19:52:07,510 [MainThread  ] [DEBUG]  batch running training loss: 102.004692
2026-08-18 19:52:07,510 [MainThread  ] [DEBUG]  batch running training accuracy: 0.000000
2026-08-18 19:52:07,510 [MainThread  ] [DEBUG]  image: ./stanford_cars/cars_train/03072.jpg is a ['Dodge Dakota Club Cab 2007'] with label 90
2026-08-18 19:52:07,519 [MainThread  ] [DEBUG]  image: ./stanford_cars/cars_train/03479.jpg is a ['Bugatti Veyron 16.4 Coupe 2009'] with label 45
2026-08-18 19:52:07,528 [MainThread  ] [DEBUG]  image: ./stanford_cars/cars_train/01275.jpg is a ['BMW 3 Series Sedan 2012'] with label 28
2026-08-18 19:52:07,530 [MainThread  ] [DEBUG]  image: ./stanford_cars/cars_train/03352.jpg is a ['Chevrolet Malibu Hybrid Sedan 2010'] with label 66
2026-08-18 19:52:07,537 [MainThread  ] [DEBUG]  image: ./stanford_cars/cars_train/00071.jpg is a ['Honda Odyssey Minivan 2012'] with label 125
2026-08-18 19:52:07,544 [MainThread  ] [DEBUG]  image: ./stanford_cars/cars_train/05306.jpg is a ['Aston Martin V8 Vantage Coupe 2012'] with label 8
2026-08-18 19:52:07,554 [MainThread  ] [DEBUG]  image: ./stanford_cars/cars_train/07613.jpg is a ['Ford GT Coupe 2006'] with label 111
2026-08-18 19:52:07,565 [MainThread  ] [DEBUG]  image: ./stanford_cars/cars_train/00359.jpg is a ['Chevrolet Traverse SUV 2012'] with label 57
2026-08-18 19:52:07,586 [MainThread  ] [DEBUG]  running forward and backward pass
2026-08-18 19:52:07,818 [MainThread  ] [DEBUG]  fraction of training data processed: 25.757576
2026-08-18 19:52:07,818 [MainThread  ] [DEBUG]  batch running training loss: 108.598567
2026-08-18 19:52:07,819 [MainThread  ] [DEBUG]  batch running training accuracy: 0.000000
2026-08-18 19:52:07,819 [MainThread  ] [DEBUG]  image: ./stanford_cars/cars_train/04474.jpg is a ['Hyundai Elantra Touring Hatchback 2012'] with label 138
2026-08-18 19:52:07,829 [MainThread  ] [DEBUG]  image: ./stanford_cars/cars_train/04156.jpg is a ['Suzuki SX4 Sedan 2012'] with label 183
2026-08-18 19:52:07,841 [MainThread  ] [DEBUG]  image: ./stanford_cars/cars_train/04858.jpg is a ['Chrysler Sebring Convertible 2010'] with label 76
2026-08-18 19:52:07,851 [MainThread  ] [DEBUG]  image: ./stanford_cars/cars_train/02100.jpg is a ['Dodge Journey SUV 2012'] with label 88
2026-08-18 19:52:07,859 [MainThread  ] [DEBUG]  image: ./stanford_cars/cars_train/01760.jpg is a ['Geo Metro Convertible 1993'] with label 122
2026-08-18 19:52:07,864 [MainThread  ] [DEBUG]  image: ./stanford_cars/cars_train/06237.jpg is a ['Fisker Karma Sedan 2012'] with label 104
2026-08-18 19:52:07,879 [MainThread  ] [DEBUG]  image: ./stanford_cars/cars_train/04396.jpg is a ['Aston Martin V8 Vantage Convertible 2012'] with label 7
2026-08-18 19:52:07,891 [MainThread  ] [DEBUG]  image: ./stanford_cars/cars_train/00614.jpg is a ['Ford Focus Sedan 2007'] with label 114
2026-08-18 19:52:07,910 [MainThread  ] [DEBUG]  running forward and backward pass
2026-08-18 19:52:08,386 [MainThread  ] [DEBUG]  fraction of training data processed: 27.272727
2026-08-18 19:52:08,386 [MainThread  ] [DEBUG]  batch running training loss: 115.600932
2026-08-18 19:52:08,386 [MainThread  ] [DEBUG]  batch running training accuracy: 0.000000
2026-08-18 19:52:08,387 [MainThread  ] [DEBUG]  image: ./stanford_cars/cars_train/08097.jpg is a ['Chevrolet Corvette Convertible 2012'] with label 54
2026-08-18 19:52:08,405 [MainThread  ] [DEBUG]  image: ./stanford_cars/cars_train/06963.jpg is a ['Ford Expedition EL SUV 2009'] with label 108
2026-08-18 19:52:08,417 [MainThread  ] [DEBUG]  image: ./stanford_cars/cars_train/06910.jpg is a ['Ferrari FF Coupe 2012'] with label 100
2026-08-18 19:52:08,431 [MainThread  ] [DEBUG]  image: ./stanford_cars/cars_train/01276.jpg is a ['Aston Martin V8 Vantage Coupe 2012'] with label 8
2026-08-18 19:52:08,447 [MainThread  ] [DEBUG]  image: ./stanford_cars/cars_train/02229.jpg is a ['Maybach Landaulet Convertible 2012'] with label 157
2026-08-18 19:52:08,474 [MainThread  ] [DEBUG]  image: ./stanford_cars/cars_train/05761.jpg is a ['Porsche Panamera Sedan 2012'] with label 172
2026-08-18 19:52:08,483 [MainThread  ] [DEBUG]  image: ./stanford_cars/cars_train/05623.jpg is a ['Rolls-Royce Phantom Drophead Coupe Convertible 2012'] with label 174
2026-08-18 19:52:08,490 [MainThread  ] [DEBUG]  image: ./stanford_cars/cars_train/02752.jpg is a ['Lamborghini Aventador Coupe 2012'] with label 150
2026-08-18 19:52:08,499 [MainThread  ] [DEBUG]  running forward and backward pass
2026-08-18 19:52:08,827 [MainThread  ] [DEBUG]  fraction of training data processed: 28.787879
2026-08-18 19:52:08,827 [MainThread  ] [DEBUG]  batch running training loss: 122.200458
2026-08-18 19:52:08,827 [MainThread  ] [DEBUG]  batch running training accuracy: 0.000000
2026-08-18 19:52:08,828 [MainThread  ] [DEBUG]  image: ./stanford_cars/cars_train/03001.jpg is a ['Mercedes-Benz 300-Class Convertible 1993'] with label 160
2026-08-18 19:52:08,831 [MainThread  ] [DEBUG]  image: ./stanford_cars/cars_train/00888.jpg is a ['Audi TTS Coupe 2012'] with label 13
2026-08-18 19:52:08,840 [MainThread  ] [DEBUG]  image: ./stanford_cars/cars_train/07774.jpg is a ['Audi 100 Sedan 1994'] with label 16
2026-08-18 19:52:08,847 [MainThread  ] [DEBUG]  image: ./stanford_cars/cars_train/02109.jpg is a ['Buick Rainier SUV 2007'] with label 47
2026-08-18 19:52:08,861 [MainThread  ] [DEBUG]  image: ./stanford_cars/cars_train/06599.jpg is a ['Dodge Magnum Wagon 2008'] with label 91
2026-08-18 19:52:08,907 [MainThread  ] [DEBUG]  image: ./stanford_cars/cars_train/00821.jpg is a ['Chrysler Town and Country Minivan 2012'] with label 77
2026-08-18 19:52:08,915 [MainThread  ] [DEBUG]  image: ./stanford_cars/cars_train/06252.jpg is a ['BMW X5 SUV 2007'] with label 31
2026-08-18 19:52:08,919 [MainThread  ] [DEBUG]  image: ./stanford_cars/cars_train/02031.jpg is a ['HUMMER H2 SUT Crew Cab 2009'] with label 124
2026-08-18 19:52:08,928 [MainThread  ] [DEBUG]  running forward and backward pass
2026-08-18 19:52:09,148 [MainThread  ] [DEBUG]  fraction of training data processed: 30.303030
2026-08-18 19:52:09,149 [MainThread  ] [DEBUG]  batch running training loss: 128.703333
2026-08-18 19:52:09,149 [MainThread  ] [DEBUG]  batch running training accuracy: 0.000000
2026-08-18 19:52:09,149 [MainThread  ] [DEBUG]  image: ./stanford_cars/cars_train/05823.jpg is a ['Mazda Tribute SUV 2011'] with label 158
2026-08-18 19:52:09,156 [MainThread  ] [DEBUG]  image: ./stanford_cars/cars_train/04364.jpg is a ['Suzuki SX4 Hatchback 2012'] with label 182
2026-08-18 19:52:09,205 [MainThread  ] [DEBUG]  image: ./stanford_cars/cars_train/01997.jpg is a ['Volkswagen Beetle Hatchback 2012'] with label 191
2026-08-18 19:52:09,229 [MainThread  ] [DEBUG]  image: ./stanford_cars/cars_train/00632.jpg is a ['Audi S4 Sedan 2007'] with label 23
2026-08-18 19:52:09,249 [MainThread  ] [DEBUG]  image: ./stanford_cars/cars_train/02616.jpg is a ['Lamborghini Aventador Coupe 2012'] with label 150
2026-08-18 19:52:09,261 [MainThread  ] [DEBUG]  image: ./stanford_cars/cars_train/03612.jpg is a ['Chevrolet Silverado 2500HD Regular Cab 2012'] with label 68
2026-08-18 19:52:09,270 [MainThread  ] [DEBUG]  image: ./stanford_cars/cars_train/07924.jpg is a ['Dodge Durango SUV 2012'] with label 93
2026-08-18 19:52:09,288 [MainThread  ] [DEBUG]  image: ./stanford_cars/cars_train/00152.jpg is a ['Buick Regal GS 2012'] with label 46
2026-08-18 19:52:09,302 [MainThread  ] [DEBUG]  running forward and backward pass
2026-08-18 19:52:09,538 [MainThread  ] [DEBUG]  fraction of training data processed: 31.818182
2026-08-18 19:52:09,539 [MainThread  ] [DEBUG]  batch running training loss: 134.819097
2026-08-18 19:52:09,539 [MainThread  ] [DEBUG]  batch running training accuracy: 0.000000
2026-08-18 19:52:09,539 [MainThread  ] [DEBUG]  image: ./stanford_cars/cars_train/04620.jpg is a ['Chrysler PT Cruiser Convertible 2008'] with label 80
2026-08-18 19:52:09,548 [MainThread  ] [DEBUG]  image: ./stanford_cars/cars_train/06182.jpg is a ['Fisker Karma Sedan 2012'] with label 104
2026-08-18 19:52:09,555 [MainThread  ] [DEBUG]  image: ./stanford_cars/cars_train/00714.jpg is a ['Chevrolet HHR SS 2010'] with label 59
2026-08-18 19:52:09,564 [MainThread  ] [DEBUG]  image: ./stanford_cars/cars_train/00280.jpg is a ['Ford Mustang Convertible 2007'] with label 106
2026-08-18 19:52:09,569 [MainThread  ] [DEBUG]  image: ./stanford_cars/cars_train/04900.jpg is a ['Cadillac SRX SUV 2012'] with label 51
2026-08-18 19:52:09,577 [MainThread  ] [DEBUG]  image: ./stanford_cars/cars_train/05093.jpg is a ['Hyundai Elantra Touring Hatchback 2012'] with label 138
2026-08-18 19:52:09,583 [MainThread  ] [DEBUG]  image: ./stanford_cars/cars_train/01506.jpg is a ['Aston Martin Virage Convertible 2012'] with label 9
2026-08-18 19:52:09,630 [MainThread  ] [DEBUG]  image: ./stanford_cars/cars_train/05746.jpg is a ['Hyundai Elantra Sedan 2007'] with label 134
2026-08-18 19:52:09,652 [MainThread  ] [DEBUG]  running forward and backward pass
2026-08-18 19:52:09,861 [MainThread  ] [DEBUG]  fraction of training data processed: 33.333333
2026-08-18 19:52:09,861 [MainThread  ] [DEBUG]  batch running training loss: 141.431824
2026-08-18 19:52:09,862 [MainThread  ] [DEBUG]  batch running training accuracy: 0.000000
2026-08-18 19:52:09,862 [MainThread  ] [DEBUG]  image: ./stanford_cars/cars_train/07690.jpg is a ['Ferrari FF Coupe 2012'] with label 100
2026-08-18 19:52:09,870 [MainThread  ] [DEBUG]  image: ./stanford_cars/cars_train/03931.jpg is a ['Mitsubishi Lancer Sedan 2012'] with label 166
2026-08-18 19:52:09,886 [MainThread  ] [DEBUG]  image: ./stanford_cars/cars_train/03163.jpg is a ['Chevrolet Cobalt SS 2010'] with label 65
2026-08-18 19:52:09,905 [MainThread  ] [DEBUG]  image: ./stanford_cars/cars_train/02290.jpg is a ['GMC Savana Van 2012'] with label 118
2026-08-18 19:52:09,910 [MainThread  ] [DEBUG]  image: ./stanford_cars/cars_train/06145.jpg is a ['Acura TL Type-S 2008'] with label 3
2026-08-18 19:52:09,920 [MainThread  ] [DEBUG]  image: ./stanford_cars/cars_train/08029.jpg is a ['Ford F-450 Super Duty Crew Cab 2012'] with label 105
2026-08-18 19:52:09,924 [MainThread  ] [DEBUG]  image: ./stanford_cars/cars_train/01782.jpg is a ['Audi 100 Sedan 1994'] with label 16
2026-08-18 19:52:09,931 [MainThread  ] [DEBUG]  image: ./stanford_cars/cars_train/06825.jpg is a ['Ford F-150 Regular Cab 2007'] with label 113
2026-08-18 19:52:09,963 [MainThread  ] [DEBUG]  running forward and backward pass
2026-08-18 19:52:10,173 [MainThread  ] [DEBUG]  fraction of training data processed: 34.848485
2026-08-18 19:52:10,173 [MainThread  ] [DEBUG]  batch running training loss: 147.530926
2026-08-18 19:52:10,174 [MainThread  ] [DEBUG]  batch running training accuracy: 0.000000
2026-08-18 19:52:10,174 [MainThread  ] [DEBUG]  image: ./stanford_cars/cars_train/06235.jpg is a ['Suzuki Kizashi Sedan 2012'] with label 181
2026-08-18 19:52:10,189 [MainThread  ] [DEBUG]  image: ./stanford_cars/cars_train/05446.jpg is a ['Chevrolet Traverse SUV 2012'] with label 57
2026-08-18 19:52:10,198 [MainThread  ] [DEBUG]  image: ./stanford_cars/cars_train/06808.jpg is a ['Jeep Compass SUV 2012'] with label 148
2026-08-18 19:52:10,222 [MainThread  ] [DEBUG]  image: ./stanford_cars/cars_train/05955.jpg is a ['Hyundai Accent Sedan 2012'] with label 135
2026-08-18 19:52:10,235 [MainThread  ] [DEBUG]  image: ./stanford_cars/cars_train/04976.jpg is a ['Volvo C30 Hatchback 2012'] with label 192
2026-08-18 19:52:10,264 [MainThread  ] [DEBUG]  image: ./stanford_cars/cars_train/06270.jpg is a ['Chevrolet Corvette ZR1 2012'] with label 55
2026-08-18 19:52:10,269 [MainThread  ] [DEBUG]  image: ./stanford_cars/cars_train/05001.jpg is a ['Spyker C8 Convertible 2009'] with label 178
2026-08-18 19:52:10,279 [MainThread  ] [DEBUG]  image: ./stanford_cars/cars_train/07467.jpg is a ['Lamborghini Gallardo LP 570-4 Superleggera 2012'] with label 151
2026-08-18 19:52:10,290 [MainThread  ] [DEBUG]  running forward and backward pass
2026-08-18 19:52:10,533 [MainThread  ] [DEBUG]  fraction of training data processed: 36.363636
2026-08-18 19:52:10,533 [MainThread  ] [DEBUG]  batch running training loss: 154.155104
2026-08-18 19:52:10,533 [MainThread  ] [DEBUG]  batch running training accuracy: 0.000000
2026-08-18 19:52:10,533 [MainThread  ] [DEBUG]  image: ./stanford_cars/cars_train/01293.jpg is a ['Bugatti Veyron 16.4 Coupe 2009'] with label 45
2026-08-18 19:52:10,541 [MainThread  ] [DEBUG]  image: ./stanford_cars/cars_train/04562.jpg is a ['Spyker C8 Coupe 2009'] with label 179
2026-08-18 19:52:10,548 [MainThread  ] [DEBUG]  image: ./stanford_cars/cars_train/07813.jpg is a ['Ford Ranger SuperCab 2011'] with label 110
2026-08-18 19:52:10,555 [MainThread  ] [DEBUG]  image: ./stanford_cars/cars_train/03350.jpg is a ['Ferrari 458 Italia Coupe 2012'] with label 103
2026-08-18 19:52:10,563 [MainThread  ] [DEBUG]  image: ./stanford_cars/cars_train/08063.jpg is a ['GMC Acadia SUV 2012'] with label 120
2026-08-18 19:52:10,574 [MainThread  ] [DEBUG]  image: ./stanford_cars/cars_train/02862.jpg is a ['Chevrolet Express Cargo Van 2007'] with label 63
2026-08-18 19:52:10,583 [MainThread  ] [DEBUG]  image: ./stanford_cars/cars_train/02999.jpg is a ['BMW X6 SUV 2012'] with label 32
2026-08-18 19:52:10,586 [MainThread  ] [DEBUG]  image: ./stanford_cars/cars_train/03738.jpg is a ['Audi S5 Convertible 2012'] with label 20
2026-08-18 19:52:10,610 [MainThread  ] [DEBUG]  running forward and backward pass
2026-08-18 19:52:10,842 [MainThread  ] [DEBUG]  fraction of training data processed: 37.878788
2026-08-18 19:52:10,842 [MainThread  ] [DEBUG]  batch running training loss: 160.230804
2026-08-18 19:52:10,843 [MainThread  ] [DEBUG]  batch running training accuracy: 0.000000
2026-08-18 19:52:10,843 [MainThread  ] [DEBUG]  image: ./stanford_cars/cars_train/04485.jpg is a ['Dodge Charger SRT-8 2009'] with label 96
2026-08-18 19:52:10,848 [MainThread  ] [DEBUG]  image: ./stanford_cars/cars_train/01137.jpg is a ['Dodge Dakota Crew Cab 2010'] with label 89
2026-08-18 19:52:10,860 [MainThread  ] [DEBUG]  image: ./stanford_cars/cars_train/02009.jpg is a ['Audi TT RS Coupe 2012'] with label 24
2026-08-18 19:52:10,864 [MainThread  ] [DEBUG]  image: ./stanford_cars/cars_train/07971.jpg is a ['FIAT 500 Abarth 2012'] with label 98
2026-08-18 19:52:10,874 [MainThread  ] [DEBUG]  image: ./stanford_cars/cars_train/01087.jpg is a ['Chevrolet Malibu Sedan 2007'] with label 72
2026-08-18 19:52:10,882 [MainThread  ] [DEBUG]  image: ./stanford_cars/cars_train/02234.jpg is a ['Bentley Continental Supersports Conv. Convertible 2012'] with label 38
2026-08-18 19:52:10,886 [MainThread  ] [DEBUG]  image: ./stanford_cars/cars_train/03346.jpg is a ['Nissan Leaf Hatchback 2012'] with label 167
2026-08-18 19:52:10,912 [MainThread  ] [DEBUG]  image: ./stanford_cars/cars_train/06582.jpg is a ['Honda Accord Sedan 2012'] with label 128
2026-08-18 19:52:10,926 [MainThread  ] [DEBUG]  running forward and backward pass
2026-08-18 19:52:11,178 [MainThread  ] [DEBUG]  fraction of training data processed: 39.393939
2026-08-18 19:52:11,179 [MainThread  ] [DEBUG]  batch running training loss: 167.107294
2026-08-18 19:52:11,179 [MainThread  ] [DEBUG]  batch running training accuracy: 0.000000
2026-08-18 19:52:11,179 [MainThread  ] [DEBUG]  image: ./stanford_cars/cars_train/04261.jpg is a ['FIAT 500 Convertible 2012'] with label 99
2026-08-18 19:52:11,192 [MainThread  ] [DEBUG]  image: ./stanford_cars/cars_train/06164.jpg is a ['Ford Focus Sedan 2007'] with label 114
2026-08-18 19:52:11,202 [MainThread  ] [DEBUG]  image: ./stanford_cars/cars_train/01303.jpg is a ['Volkswagen Golf Hatchback 1991'] with label 190
2026-08-18 19:52:11,211 [MainThread  ] [DEBUG]  image: ./stanford_cars/cars_train/00995.jpg is a ['Chevrolet Sonic Sedan 2012'] with label 62
2026-08-18 19:52:11,230 [MainThread  ] [DEBUG]  image: ./stanford_cars/cars_train/06339.jpg is a ['Dodge Ram Pickup 3500 Quad Cab 2009'] with label 86
2026-08-18 19:52:11,243 [MainThread  ] [DEBUG]  image: ./stanford_cars/cars_train/02043.jpg is a ['Jeep Wrangler SUV 2012'] with label 145
2026-08-18 19:52:11,264 [MainThread  ] [DEBUG]  image: ./stanford_cars/cars_train/06816.jpg is a ['Acura TL Sedan 2012'] with label 2
2026-08-18 19:52:11,271 [MainThread  ] [DEBUG]  image: ./stanford_cars/cars_train/07431.jpg is a ['Chevrolet Corvette Convertible 2012'] with label 54
2026-08-18 19:52:11,301 [MainThread  ] [DEBUG]  running forward and backward pass
2026-08-18 19:52:11,524 [MainThread  ] [DEBUG]  fraction of training data processed: 40.909091
2026-08-18 19:52:11,524 [MainThread  ] [DEBUG]  batch running training loss: 173.519407
2026-08-18 19:52:11,524 [MainThread  ] [DEBUG]  batch running training accuracy: 0.000000
2026-08-18 19:52:11,524 [MainThread  ] [DEBUG]  image: ./stanford_cars/cars_train/05057.jpg is a ['Acura TL Type-S 2008'] with label 3
2026-08-18 19:52:11,534 [MainThread  ] [DEBUG]  image: ./stanford_cars/cars_train/03225.jpg is a ['Ford Fiesta Sedan 2012'] with label 116
2026-08-18 19:52:11,553 [MainThread  ] [DEBUG]  image: ./stanford_cars/cars_train/04022.jpg is a ['Geo Metro Convertible 1993'] with label 122
2026-08-18 19:52:11,559 [MainThread  ] [DEBUG]  image: ./stanford_cars/cars_train/04457.jpg is a ['Nissan NV Passenger Van 2012'] with label 168
2026-08-18 19:52:11,570 [MainThread  ] [DEBUG]  image: ./stanford_cars/cars_train/04308.jpg is a ['Aston Martin V8 Vantage Coupe 2012'] with label 8
2026-08-18 19:52:11,589 [MainThread  ] [DEBUG]  image: ./stanford_cars/cars_train/00384.jpg is a ['Chevrolet Camaro Convertible 2012'] with label 58
2026-08-18 19:52:11,596 [MainThread  ] [DEBUG]  image: ./stanford_cars/cars_train/04260.jpg is a ['Chrysler Town and Country Minivan 2012'] with label 77
2026-08-18 19:52:11,601 [MainThread  ] [DEBUG]  image: ./stanford_cars/cars_train/03220.jpg is a ['Dodge Ram Pickup 3500 Crew Cab 2010'] with label 85
2026-08-18 19:52:11,609 [MainThread  ] [DEBUG]  running forward and backward pass
2026-08-18 19:52:11,820 [MainThread  ] [DEBUG]  fraction of training data processed: 42.424242
2026-08-18 19:52:11,820 [MainThread  ] [DEBUG]  batch running training loss: 179.680579
2026-08-18 19:52:11,820 [MainThread  ] [DEBUG]  batch running training accuracy: 0.000000
2026-08-18 19:52:11,820 [MainThread  ] [DEBUG]  image: ./stanford_cars/cars_train/06071.jpg is a ['Audi TT Hatchback 2011'] with label 18
2026-08-18 19:52:11,824 [MainThread  ] [DEBUG]  image: ./stanford_cars/cars_train/04379.jpg is a ['Audi RS 4 Convertible 2008'] with label 11
2026-08-18 19:52:11,832 [MainThread  ] [DEBUG]  image: ./stanford_cars/cars_train/07265.jpg is a ['Chevrolet Corvette ZR1 2012'] with label 55
2026-08-18 19:52:11,861 [MainThread  ] [DEBUG]  image: ./stanford_cars/cars_train/04277.jpg is a ['Toyota Sequoia SUV 2012'] with label 185
2026-08-18 19:52:11,865 [MainThread  ] [DEBUG]  image: ./stanford_cars/cars_train/04117.jpg is a ['Cadillac SRX SUV 2012'] with label 51
2026-08-18 19:52:11,870 [MainThread  ] [DEBUG]  image: ./stanford_cars/cars_train/00732.jpg is a ['Bentley Mulsanne Sedan 2011'] with label 40
2026-08-18 19:52:11,888 [MainThread  ] [DEBUG]  image: ./stanford_cars/cars_train/04126.jpg is a ['Bentley Continental GT Coupe 2012'] with label 41
2026-08-18 19:52:11,896 [MainThread  ] [DEBUG]  image: ./stanford_cars/cars_train/08013.jpg is a ['GMC Savana Van 2012'] with label 118
2026-08-18 19:52:11,913 [MainThread  ] [DEBUG]  running forward and backward pass
2026-08-18 19:52:12,124 [MainThread  ] [DEBUG]  fraction of training data processed: 43.939394
2026-08-18 19:52:12,124 [MainThread  ] [DEBUG]  batch running training loss: 186.541519
2026-08-18 19:52:12,124 [MainThread  ] [DEBUG]  batch running training accuracy: 0.000000
2026-08-18 19:52:12,124 [MainThread  ] [DEBUG]  image: ./stanford_cars/cars_train/01193.jpg is a ['Buick Rainier SUV 2007'] with label 47
2026-08-18 19:52:12,129 [MainThread  ] [DEBUG]  image: ./stanford_cars/cars_train/01637.jpg is a ['Honda Accord Coupe 2012'] with label 127
2026-08-18 19:52:12,136 [MainThread  ] [DEBUG]  image: ./stanford_cars/cars_train/05750.jpg is a ['Suzuki Aerio Sedan 2007'] with label 180
2026-08-18 19:52:12,152 [MainThread  ] [DEBUG]  image: ./stanford_cars/cars_train/04972.jpg is a ['BMW Z4 Convertible 2012'] with label 37
2026-08-18 19:52:12,175 [MainThread  ] [DEBUG]  image: ./stanford_cars/cars_train/03197.jpg is a ['Jeep Grand Cherokee SUV 2012'] with label 147
2026-08-18 19:52:12,181 [MainThread  ] [DEBUG]  image: ./stanford_cars/cars_train/01337.jpg is a ['Toyota Corolla Sedan 2012'] with label 187
2026-08-18 19:52:12,184 [MainThread  ] [DEBUG]  image: ./stanford_cars/cars_train/04201.jpg is a ['Chevrolet Impala Sedan 2007'] with label 60
2026-08-18 19:52:12,195 [MainThread  ] [DEBUG]  image: ./stanford_cars/cars_train/07846.jpg is a ['smart fortwo Convertible 2012'] with label 195
2026-08-18 19:52:12,215 [MainThread  ] [DEBUG]  running forward and backward pass
2026-08-18 19:52:12,432 [MainThread  ] [DEBUG]  fraction of training data processed: 45.454545
2026-08-18 19:52:12,432 [MainThread  ] [DEBUG]  batch running training loss: 193.081614
2026-08-18 19:52:12,432 [MainThread  ] [DEBUG]  batch running training accuracy: 0.000000
2026-08-18 19:52:12,432 [MainThread  ] [DEBUG]  image: ./stanford_cars/cars_train/02825.jpg is a ['Dodge Challenger SRT8 2011'] with label 92
2026-08-18 19:52:12,443 [MainThread  ] [DEBUG]  image: ./stanford_cars/cars_train/05081.jpg is a ['Cadillac CTS-V Sedan 2012'] with label 50
2026-08-18 19:52:12,454 [MainThread  ] [DEBUG]  image: ./stanford_cars/cars_train/06606.jpg is a ['Lamborghini Gallardo LP 570-4 Superleggera 2012'] with label 151
2026-08-18 19:52:12,466 [MainThread  ] [DEBUG]  image: ./stanford_cars/cars_train/05981.jpg is a ['Bentley Continental Flying Spur Sedan 2007'] with label 43
2026-08-18 19:52:12,477 [MainThread  ] [DEBUG]  image: ./stanford_cars/cars_train/04167.jpg is a ['Chrysler PT Cruiser Convertible 2008'] with label 80
2026-08-18 19:52:12,524 [MainThread  ] [DEBUG]  image: ./stanford_cars/cars_train/06985.jpg is a ['Chrysler Crossfire Convertible 2008'] with label 79
2026-08-18 19:52:12,543 [MainThread  ] [DEBUG]  image: ./stanford_cars/cars_train/02525.jpg is a ['Tesla Model S Sedan 2012'] with label 184
2026-08-18 19:52:12,570 [MainThread  ] [DEBUG]  image: ./stanford_cars/cars_train/06747.jpg is a ['Chevrolet Monte Carlo Coupe 2007'] with label 71
2026-08-18 19:52:12,594 [MainThread  ] [DEBUG]  running forward and backward pass
2026-08-18 19:52:12,823 [MainThread  ] [DEBUG]  fraction of training data processed: 46.969697
2026-08-18 19:52:12,823 [MainThread  ] [DEBUG]  batch running training loss: 199.509318
2026-08-18 19:52:12,823 [MainThread  ] [DEBUG]  batch running training accuracy: 0.000000
2026-08-18 19:52:12,824 [MainThread  ] [DEBUG]  image: ./stanford_cars/cars_train/04198.jpg is a ['Hyundai Veloster Hatchback 2012'] with label 129
2026-08-18 19:52:12,845 [MainThread  ] [DEBUG]  image: ./stanford_cars/cars_train/05684.jpg is a ['Dodge Ram Pickup 3500 Quad Cab 2009'] with label 86
2026-08-18 19:52:12,855 [MainThread  ] [DEBUG]  image: ./stanford_cars/cars_train/02173.jpg is a ['Fisker Karma Sedan 2012'] with label 104
2026-08-18 19:52:12,874 [MainThread  ] [DEBUG]  image: ./stanford_cars/cars_train/03066.jpg is a ['BMW M6 Convertible 2010'] with label 35
2026-08-18 19:52:12,896 [MainThread  ] [DEBUG]  image: ./stanford_cars/cars_train/03635.jpg is a ['FIAT 500 Convertible 2012'] with label 99
2026-08-18 19:52:12,903 [MainThread  ] [DEBUG]  image: ./stanford_cars/cars_train/03382.jpg is a ['Volkswagen Beetle Hatchback 2012'] with label 191
2026-08-18 19:52:12,925 [MainThread  ] [DEBUG]  image: ./stanford_cars/cars_train/04595.jpg is a ['Audi TTS Coupe 2012'] with label 13
2026-08-18 19:52:12,931 [MainThread  ] [DEBUG]  image: ./stanford_cars/cars_train/06687.jpg is a ['Dodge Charger Sedan 2012'] with label 95
2026-08-18 19:52:12,946 [MainThread  ] [DEBUG]  running forward and backward pass
2026-08-18 19:52:13,154 [MainThread  ] [DEBUG]  fraction of training data processed: 48.484848
2026-08-18 19:52:13,155 [MainThread  ] [DEBUG]  batch running training loss: 205.276375
2026-08-18 19:52:13,155 [MainThread  ] [DEBUG]  batch running training accuracy: 0.000000
2026-08-18 19:52:13,155 [MainThread  ] [DEBUG]  image: ./stanford_cars/cars_train/05251.jpg is a ['Volkswagen Golf Hatchback 2012'] with label 189
2026-08-18 19:52:13,165 [MainThread  ] [DEBUG]  image: ./stanford_cars/cars_train/00648.jpg is a ['Hyundai Accent Sedan 2012'] with label 135
2026-08-18 19:52:13,173 [MainThread  ] [DEBUG]  image: ./stanford_cars/cars_train/01780.jpg is a ['Nissan Leaf Hatchback 2012'] with label 167
2026-08-18 19:52:13,184 [MainThread  ] [DEBUG]  image: ./stanford_cars/cars_train/01359.jpg is a ['Chrysler Crossfire Convertible 2008'] with label 79
2026-08-18 19:52:13,189 [MainThread  ] [DEBUG]  image: ./stanford_cars/cars_train/00476.jpg is a ['Infiniti G Coupe IPL 2012'] with label 140
2026-08-18 19:52:13,199 [MainThread  ] [DEBUG]  image: ./stanford_cars/cars_train/04525.jpg is a ['Daewoo Nubira Wagon 2002'] with label 81
2026-08-18 19:52:13,203 [MainThread  ] [DEBUG]  image: ./stanford_cars/cars_train/03833.jpg is a ['Dodge Magnum Wagon 2008'] with label 91
2026-08-18 19:52:13,212 [MainThread  ] [DEBUG]  image: ./stanford_cars/cars_train/03573.jpg is a ['Ford Edge SUV 2012'] with label 109
2026-08-18 19:52:13,221 [MainThread  ] [DEBUG]  running forward and backward pass
2026-08-18 19:52:13,424 [MainThread  ] [DEBUG]  fraction of training data processed: 50.000000
2026-08-18 19:52:13,425 [MainThread  ] [DEBUG]  batch running training loss: 211.639354
2026-08-18 19:52:13,425 [MainThread  ] [DEBUG]  batch running training accuracy: 0.000000
2026-08-18 19:52:13,425 [MainThread  ] [DEBUG]  image: ./stanford_cars/cars_train/00431.jpg is a ['Toyota Camry Sedan 2012'] with label 186
2026-08-18 19:52:13,436 [MainThread  ] [DEBUG]  image: ./stanford_cars/cars_train/08123.jpg is a ['Scion xD Hatchback 2012'] with label 177
2026-08-18 19:52:13,445 [MainThread  ] [DEBUG]  image: ./stanford_cars/cars_train/03032.jpg is a ['Chevrolet HHR SS 2010'] with label 59
2026-08-18 19:52:13,450 [MainThread  ] [DEBUG]  image: ./stanford_cars/cars_train/01906.jpg is a ['Chrysler Aspen SUV 2009'] with label 75
2026-08-18 19:52:13,455 [MainThread  ] [DEBUG]  image: ./stanford_cars/cars_train/04305.jpg is a ['GMC Terrain SUV 2012'] with label 117
2026-08-18 19:52:13,466 [MainThread  ] [DEBUG]  image: ./stanford_cars/cars_train/06012.jpg is a ['GMC Yukon Hybrid SUV 2012'] with label 119
2026-08-18 19:52:13,474 [MainThread  ] [DEBUG]  image: ./stanford_cars/cars_train/01416.jpg is a ['Acura ZDX Hatchback 2012'] with label 6
2026-08-18 19:52:13,487 [MainThread  ] [DEBUG]  image: ./stanford_cars/cars_train/06782.jpg is a ['Aston Martin V8 Vantage Convertible 2012'] with label 7
2026-08-18 19:52:13,498 [MainThread  ] [DEBUG]  running forward and backward pass
2026-08-18 19:52:13,701 [MainThread  ] [DEBUG]  fraction of training data processed: 51.515152
2026-08-18 19:52:13,701 [MainThread  ] [DEBUG]  batch running training loss: 219.062888
2026-08-18 19:52:13,701 [MainThread  ] [DEBUG]  batch running training accuracy: 0.000000
2026-08-18 19:52:13,701 [MainThread  ] [DEBUG]  image: ./stanford_cars/cars_train/01187.jpg is a ['MINI Cooper Roadster Convertible 2012'] with label 156
2026-08-18 19:52:13,711 [MainThread  ] [DEBUG]  image: ./stanford_cars/cars_train/04615.jpg is a ['Dodge Durango SUV 2012'] with label 93
2026-08-18 19:52:13,722 [MainThread  ] [DEBUG]  image: ./stanford_cars/cars_train/03494.jpg is a ['Land Rover LR2 SUV 2012'] with label 154
2026-08-18 19:52:13,732 [MainThread  ] [DEBUG]  image: ./stanford_cars/cars_train/00944.jpg is a ['Bugatti Veyron 16.4 Coupe 2009'] with label 45
2026-08-18 19:52:13,746 [MainThread  ] [DEBUG]  image: ./stanford_cars/cars_train/00681.jpg is a ['Audi S6 Sedan 2011'] with label 19
2026-08-18 19:52:13,753 [MainThread  ] [DEBUG]  image: ./stanford_cars/cars_train/01026.jpg is a ['Cadillac Escalade EXT Crew Cab 2007'] with label 52
2026-08-18 19:52:13,758 [MainThread  ] [DEBUG]  image: ./stanford_cars/cars_train/03483.jpg is a ['Chevrolet Traverse SUV 2012'] with label 57
2026-08-18 19:52:13,774 [MainThread  ] [DEBUG]  image: ./stanford_cars/cars_train/01109.jpg is a ['Mitsubishi Lancer Sedan 2012'] with label 166
2026-08-18 19:52:13,820 [MainThread  ] [DEBUG]  running forward and backward pass
2026-08-18 19:52:14,032 [MainThread  ] [DEBUG]  fraction of training data processed: 53.030303
2026-08-18 19:52:14,032 [MainThread  ] [DEBUG]  batch running training loss: 224.774599
2026-08-18 19:52:14,032 [MainThread  ] [DEBUG]  batch running training accuracy: 0.000000
2026-08-18 19:52:14,032 [MainThread  ] [DEBUG]  image: ./stanford_cars/cars_train/04640.jpg is a ['Volkswagen Golf Hatchback 2012'] with label 189
2026-08-18 19:52:14,038 [MainThread  ] [DEBUG]  image: ./stanford_cars/cars_train/07333.jpg is a ['Nissan 240SX Coupe 1998'] with label 170
2026-08-18 19:52:14,047 [MainThread  ] [DEBUG]  image: ./stanford_cars/cars_train/05161.jpg is a ['Hyundai Santa Fe SUV 2012'] with label 130
2026-08-18 19:52:14,061 [MainThread  ] [DEBUG]  image: ./stanford_cars/cars_train/05910.jpg is a ['Ford F-450 Super Duty Crew Cab 2012'] with label 105
2026-08-18 19:52:14,075 [MainThread  ] [DEBUG]  image: ./stanford_cars/cars_train/03645.jpg is a ['Hyundai Azera Sedan 2012'] with label 139
2026-08-18 19:52:14,113 [MainThread  ] [DEBUG]  image: ./stanford_cars/cars_train/05543.jpg is a ['Chevrolet Avalanche Crew Cab 2012'] with label 64
2026-08-18 19:52:14,117 [MainThread  ] [DEBUG]  image: ./stanford_cars/cars_train/05252.jpg is a ['Dodge Durango SUV 2007'] with label 94
2026-08-18 19:52:14,136 [MainThread  ] [DEBUG]  image: ./stanford_cars/cars_train/04484.jpg is a ['Acura TSX Sedan 2012'] with label 4
2026-08-18 19:52:14,145 [MainThread  ] [DEBUG]  running forward and backward pass
2026-08-18 19:52:14,394 [MainThread  ] [DEBUG]  fraction of training data processed: 54.545455
2026-08-18 19:52:14,395 [MainThread  ] [DEBUG]  batch running training loss: 232.255168
2026-08-18 19:52:14,395 [MainThread  ] [DEBUG]  batch running training accuracy: 0.000000
2026-08-18 19:52:14,395 [MainThread  ] [DEBUG]  image: ./stanford_cars/cars_train/01914.jpg is a ['Ford E-Series Wagon Van 2012'] with label 115
2026-08-18 19:52:14,400 [MainThread  ] [DEBUG]  image: ./stanford_cars/cars_train/07480.jpg is a ['BMW X3 SUV 2012'] with label 36
2026-08-18 19:52:14,403 [MainThread  ] [DEBUG]  image: ./stanford_cars/cars_train/06263.jpg is a ['HUMMER H2 SUT Crew Cab 2009'] with label 124
2026-08-18 19:52:14,408 [MainThread  ] [DEBUG]  image: ./stanford_cars/cars_train/06059.jpg is a ['Hyundai Veloster Hatchback 2012'] with label 129
2026-08-18 19:52:14,417 [MainThread  ] [DEBUG]  image: ./stanford_cars/cars_train/07320.jpg is a ['Chrysler Aspen SUV 2009'] with label 75
2026-08-18 19:52:14,425 [MainThread  ] [DEBUG]  image: ./stanford_cars/cars_train/06082.jpg is a ['Mercedes-Benz S-Class Sedan 2012'] with label 164
2026-08-18 19:52:14,433 [MainThread  ] [DEBUG]  image: ./stanford_cars/cars_train/05294.jpg is a ['Lamborghini Reventon Coupe 2008'] with label 149
2026-08-18 19:52:14,439 [MainThread  ] [DEBUG]  image: ./stanford_cars/cars_train/06464.jpg is a ['Ford F-150 Regular Cab 2012'] with label 112
2026-08-18 19:52:14,466 [MainThread  ] [DEBUG]  running forward and backward pass
2026-08-18 19:52:14,732 [MainThread  ] [DEBUG]  fraction of training data processed: 56.060606
2026-08-18 19:52:14,732 [MainThread  ] [DEBUG]  batch running training loss: 238.529127
2026-08-18 19:52:14,732 [MainThread  ] [DEBUG]  batch running training accuracy: 0.000000
2026-08-18 19:52:14,732 [MainThread  ] [DEBUG]  image: ./stanford_cars/cars_train/05927.jpg is a ['Dodge Journey SUV 2012'] with label 88
2026-08-18 19:52:14,770 [MainThread  ] [DEBUG]  image: ./stanford_cars/cars_train/02807.jpg is a ['Suzuki SX4 Sedan 2012'] with label 183
2026-08-18 19:52:14,794 [MainThread  ] [DEBUG]  image: ./stanford_cars/cars_train/07490.jpg is a ['Cadillac Escalade EXT Crew Cab 2007'] with label 52
2026-08-18 19:52:14,798 [MainThread  ] [DEBUG]  image: ./stanford_cars/cars_train/01444.jpg is a ['Cadillac SRX SUV 2012'] with label 51
2026-08-18 19:52:14,803 [MainThread  ] [DEBUG]  image: ./stanford_cars/cars_train/02854.jpg is a ['Chevrolet TrailBlazer SS 2009'] with label 67
2026-08-18 19:52:14,811 [MainThread  ] [DEBUG]  image: ./stanford_cars/cars_train/00210.jpg is a ['Porsche Panamera Sedan 2012'] with label 172
2026-08-18 19:52:14,822 [MainThread  ] [DEBUG]  image: ./stanford_cars/cars_train/03363.jpg is a ['Dodge Sprinter Cargo Van 2009'] with label 87
2026-08-18 19:52:14,843 [MainThread  ] [DEBUG]  image: ./stanford_cars/cars_train/00690.jpg is a ['Audi RS 4 Convertible 2008'] with label 11
2026-08-18 19:52:14,852 [MainThread  ] [DEBUG]  running forward and backward pass
2026-08-18 19:52:15,074 [MainThread  ] [DEBUG]  fraction of training data processed: 57.575758
2026-08-18 19:52:15,075 [MainThread  ] [DEBUG]  batch running training loss: 244.297727
2026-08-18 19:52:15,075 [MainThread  ] [DEBUG]  batch running training accuracy: 0.000000
2026-08-18 19:52:15,075 [MainThread  ] [DEBUG]  image: ./stanford_cars/cars_train/07061.jpg is a ['Acura ZDX Hatchback 2012'] with label 6
2026-08-18 19:52:15,087 [MainThread  ] [DEBUG]  image: ./stanford_cars/cars_train/05377.jpg is a ['Ford Focus Sedan 2007'] with label 114
2026-08-18 19:52:15,098 [MainThread  ] [DEBUG]  image: ./stanford_cars/cars_train/05348.jpg is a ['Dodge Dakota Club Cab 2007'] with label 90
2026-08-18 19:52:15,105 [MainThread  ] [DEBUG]  image: ./stanford_cars/cars_train/07353.jpg is a ['Bentley Continental GT Coupe 2007'] with label 42
2026-08-18 19:52:15,114 [MainThread  ] [DEBUG]  image: ./stanford_cars/cars_train/06852.jpg is a ['Audi S4 Sedan 2007'] with label 23
2026-08-18 19:52:15,123 [MainThread  ] [DEBUG]  image: ./stanford_cars/cars_train/04566.jpg is a ['Chevrolet Silverado 1500 Hybrid Crew Cab 2012'] with label 53
2026-08-18 19:52:15,127 [MainThread  ] [DEBUG]  image: ./stanford_cars/cars_train/01755.jpg is a ['Audi A5 Coupe 2012'] with label 12
2026-08-18 19:52:15,132 [MainThread  ] [DEBUG]  image: ./stanford_cars/cars_train/03514.jpg is a ['Chrysler Crossfire Convertible 2008'] with label 79
2026-08-18 19:52:15,139 [MainThread  ] [DEBUG]  running forward and backward pass
2026-08-18 19:52:15,350 [MainThread  ] [DEBUG]  fraction of training data processed: 59.090909
2026-08-18 19:52:15,350 [MainThread  ] [DEBUG]  batch running training loss: 250.506188
2026-08-18 19:52:15,351 [MainThread  ] [DEBUG]  batch running training accuracy: 0.000000
2026-08-18 19:52:15,351 [MainThread  ] [DEBUG]  image: ./stanford_cars/cars_train/03756.jpg is a ['Audi A5 Coupe 2012'] with label 12
2026-08-18 19:52:15,359 [MainThread  ] [DEBUG]  image: ./stanford_cars/cars_train/05789.jpg is a ['Rolls-Royce Phantom Drophead Coupe Convertible 2012'] with label 174
2026-08-18 19:52:15,368 [MainThread  ] [DEBUG]  image: ./stanford_cars/cars_train/04719.jpg is a ['BMW X5 SUV 2007'] with label 31
2026-08-18 19:52:15,376 [MainThread  ] [DEBUG]  image: ./stanford_cars/cars_train/04836.jpg is a ['Mercedes-Benz C-Class Sedan 2012'] with label 161
2026-08-18 19:52:15,381 [MainThread  ] [DEBUG]  image: ./stanford_cars/cars_train/02282.jpg is a ['Ford GT Coupe 2006'] with label 111
2026-08-18 19:52:15,421 [MainThread  ] [DEBUG]  image: ./stanford_cars/cars_train/03049.jpg is a ['Maybach Landaulet Convertible 2012'] with label 157
2026-08-18 19:52:15,425 [MainThread  ] [DEBUG]  image: ./stanford_cars/cars_train/02979.jpg is a ['Mercedes-Benz SL-Class Coupe 2009'] with label 162
2026-08-18 19:52:15,433 [MainThread  ] [DEBUG]  image: ./stanford_cars/cars_train/00132.jpg is a ['Dodge Journey SUV 2012'] with label 88
2026-08-18 19:52:15,447 [MainThread  ] [DEBUG]  running forward and backward pass
2026-08-18 19:52:15,661 [MainThread  ] [DEBUG]  fraction of training data processed: 60.606061
2026-08-18 19:52:15,661 [MainThread  ] [DEBUG]  batch running training loss: 257.131238
2026-08-18 19:52:15,661 [MainThread  ] [DEBUG]  batch running training accuracy: 0.000000
2026-08-18 19:52:15,662 [MainThread  ] [DEBUG]  image: ./stanford_cars/cars_train/05297.jpg is a ['Jeep Patriot SUV 2012'] with label 144
2026-08-18 19:52:15,705 [MainThread  ] [DEBUG]  image: ./stanford_cars/cars_train/06395.jpg is a ['Bentley Continental Supersports Conv. Convertible 2012'] with label 38
2026-08-18 19:52:15,716 [MainThread  ] [DEBUG]  image: ./stanford_cars/cars_train/06853.jpg is a ['GMC Acadia SUV 2012'] with label 120
2026-08-18 19:52:15,722 [MainThread  ] [DEBUG]  image: ./stanford_cars/cars_train/01698.jpg is a ['Geo Metro Convertible 1993'] with label 122
2026-08-18 19:52:15,724 [MainThread  ] [DEBUG]  image: ./stanford_cars/cars_train/04163.jpg is a ['Chevrolet Silverado 1500 Classic Extended Cab 2007'] with label 69
2026-08-18 19:52:15,729 [MainThread  ] [DEBUG]  image: ./stanford_cars/cars_train/05159.jpg is a ['Ford F-150 Regular Cab 2007'] with label 113
2026-08-18 19:52:15,738 [MainThread  ] [DEBUG]  image: ./stanford_cars/cars_train/02485.jpg is a ['Ford Expedition EL SUV 2009'] with label 108
2026-08-18 19:52:15,748 [MainThread  ] [DEBUG]  image: ./stanford_cars/cars_train/08072.jpg is a ['Honda Odyssey Minivan 2012'] with label 125
2026-08-18 19:52:15,755 [MainThread  ] [DEBUG]  running forward and backward pass
2026-08-18 19:52:15,962 [MainThread  ] [DEBUG]  fraction of training data processed: 62.121212
2026-08-18 19:52:15,962 [MainThread  ] [DEBUG]  batch running training loss: 263.565613
2026-08-18 19:52:15,962 [MainThread  ] [DEBUG]  batch running training accuracy: 0.000000
2026-08-18 19:52:15,962 [MainThread  ] [DEBUG]  image: ./stanford_cars/cars_train/07226.jpg is a ['Dodge Caravan Minivan 1997'] with label 84
2026-08-18 19:52:15,975 [MainThread  ] [DEBUG]  image: ./stanford_cars/cars_train/02815.jpg is a ['Ram C/V Cargo Van Minivan 2012'] with label 173
2026-08-18 19:52:15,984 [MainThread  ] [DEBUG]  image: ./stanford_cars/cars_train/07836.jpg is a ['Dodge Challenger SRT8 2011'] with label 92
2026-08-18 19:52:15,996 [MainThread  ] [DEBUG]  image: ./stanford_cars/cars_train/06705.jpg is a ['Audi S5 Coupe 2012'] with label 21
2026-08-18 19:52:16,001 [MainThread  ] [DEBUG]  image: ./stanford_cars/cars_train/03780.jpg is a ['Isuzu Ascender SUV 2008'] with label 142
2026-08-18 19:52:16,009 [MainThread  ] [DEBUG]  image: ./stanford_cars/cars_train/07337.jpg is a ['Isuzu Ascender SUV 2008'] with label 142
2026-08-18 19:52:16,015 [MainThread  ] [DEBUG]  image: ./stanford_cars/cars_train/01646.jpg is a ['Ford Mustang Convertible 2007'] with label 106
2026-08-18 19:52:16,039 [MainThread  ] [DEBUG]  image: ./stanford_cars/cars_train/00154.jpg is a ['Audi 100 Wagon 1994'] with label 17
2026-08-18 19:52:16,048 [MainThread  ] [DEBUG]  running forward and backward pass
2026-08-18 19:52:16,329 [MainThread  ] [DEBUG]  fraction of training data processed: 63.636364
2026-08-18 19:52:16,330 [MainThread  ] [DEBUG]  batch running training loss: 270.952136
2026-08-18 19:52:16,330 [MainThread  ] [DEBUG]  batch running training accuracy: 0.000000
2026-08-18 19:52:16,330 [MainThread  ] [DEBUG]  image: ./stanford_cars/cars_train/00693.jpg is a ['Dodge Ram Pickup 3500 Crew Cab 2010'] with label 85
2026-08-18 19:52:16,362 [MainThread  ] [DEBUG]  image: ./stanford_cars/cars_train/04567.jpg is a ['Audi 100 Wagon 1994'] with label 17
2026-08-18 19:52:16,373 [MainThread  ] [DEBUG]  image: ./stanford_cars/cars_train/02218.jpg is a ['Jeep Patriot SUV 2012'] with label 144
2026-08-18 19:52:16,407 [MainThread  ] [DEBUG]  image: ./stanford_cars/cars_train/05527.jpg is a ['Toyota Sequoia SUV 2012'] with label 185
2026-08-18 19:52:16,418 [MainThread  ] [DEBUG]  image: ./stanford_cars/cars_train/00035.jpg is a ['Land Rover Range Rover SUV 2012'] with label 153
2026-08-18 19:52:16,451 [MainThread  ] [DEBUG]  image: ./stanford_cars/cars_train/00592.jpg is a ['BMW M3 Coupe 2012'] with label 33
2026-08-18 19:52:16,461 [MainThread  ] [DEBUG]  image: ./stanford_cars/cars_train/06772.jpg is a ['Chevrolet Monte Carlo Coupe 2007'] with label 71
2026-08-18 19:52:16,466 [MainThread  ] [DEBUG]  image: ./stanford_cars/cars_train/06324.jpg is a ['Ford Freestar Minivan 2007'] with label 107
2026-08-18 19:52:16,477 [MainThread  ] [DEBUG]  running forward and backward pass
2026-08-18 19:52:16,678 [MainThread  ] [DEBUG]  fraction of training data processed: 65.151515
2026-08-18 19:52:16,679 [MainThread  ] [DEBUG]  batch running training loss: 277.158776
2026-08-18 19:52:16,679 [MainThread  ] [DEBUG]  batch running training accuracy: 0.000000
2026-08-18 19:52:16,679 [MainThread  ] [DEBUG]  image: ./stanford_cars/cars_train/04312.jpg is a ['Audi V8 Sedan 1994'] with label 15
2026-08-18 19:52:16,685 [MainThread  ] [DEBUG]  image: ./stanford_cars/cars_train/06643.jpg is a ['Chevrolet Express Cargo Van 2007'] with label 63
2026-08-18 19:52:16,695 [MainThread  ] [DEBUG]  image: ./stanford_cars/cars_train/01645.jpg is a ['Dodge Caliber Wagon 2012'] with label 82
2026-08-18 19:52:16,700 [MainThread  ] [DEBUG]  image: ./stanford_cars/cars_train/03968.jpg is a ['Acura Integra Type R 2001'] with label 5
2026-08-18 19:52:16,783 [MainThread  ] [DEBUG]  image: ./stanford_cars/cars_train/05899.jpg is a ['HUMMER H3T Crew Cab 2010'] with label 123
2026-08-18 19:52:16,789 [MainThread  ] [DEBUG]  image: ./stanford_cars/cars_train/05164.jpg is a ['Suzuki Kizashi Sedan 2012'] with label 181
2026-08-18 19:52:16,799 [MainThread  ] [DEBUG]  image: ./stanford_cars/cars_train/02157.jpg is a ['GMC Terrain SUV 2012'] with label 117
2026-08-18 19:52:16,807 [MainThread  ] [DEBUG]  image: ./stanford_cars/cars_train/01695.jpg is a ['Hyundai Santa Fe SUV 2012'] with label 130
2026-08-18 19:52:16,813 [MainThread  ] [DEBUG]  running forward and backward pass
2026-08-18 19:52:17,048 [MainThread  ] [DEBUG]  fraction of training data processed: 66.666667
2026-08-18 19:52:17,049 [MainThread  ] [DEBUG]  batch running training loss: 283.678562
2026-08-18 19:52:17,049 [MainThread  ] [DEBUG]  batch running training accuracy: 0.000000
2026-08-18 19:52:17,049 [MainThread  ] [DEBUG]  image: ./stanford_cars/cars_train/05674.jpg is a ['Audi S5 Coupe 2012'] with label 21
2026-08-18 19:52:17,054 [MainThread  ] [DEBUG]  image: ./stanford_cars/cars_train/07108.jpg is a ['Bugatti Veyron 16.4 Convertible 2009'] with label 44
2026-08-18 19:52:17,062 [MainThread  ] [DEBUG]  image: ./stanford_cars/cars_train/00153.jpg is a ['BMW 3 Series Wagon 2012'] with label 29
2026-08-18 19:52:17,073 [MainThread  ] [DEBUG]  image: ./stanford_cars/cars_train/02983.jpg is a ['Nissan NV Passenger Van 2012'] with label 168
2026-08-18 19:52:17,084 [MainThread  ] [DEBUG]  image: ./stanford_cars/cars_train/00978.jpg is a ['Chevrolet Tahoe Hybrid SUV 2012'] with label 61
2026-08-18 19:52:17,098 [MainThread  ] [DEBUG]  image: ./stanford_cars/cars_train/03267.jpg is a ['Acura RL Sedan 2012'] with label 1
2026-08-18 19:52:17,104 [MainThread  ] [DEBUG]  image: ./stanford_cars/cars_train/08136.jpg is a ['Toyota Camry Sedan 2012'] with label 186
2026-08-18 19:52:17,121 [MainThread  ] [DEBUG]  image: ./stanford_cars/cars_train/05531.jpg is a ['Dodge Caliber Wagon 2007'] with label 83
2026-08-18 19:52:17,132 [MainThread  ] [DEBUG]  running forward and backward pass
2026-08-18 19:52:17,375 [MainThread  ] [DEBUG]  fraction of training data processed: 68.181818
2026-08-18 19:52:17,375 [MainThread  ] [DEBUG]  batch running training loss: 290.859725
2026-08-18 19:52:17,375 [MainThread  ] [DEBUG]  batch running training accuracy: 0.000000
2026-08-18 19:52:17,376 [MainThread  ] [DEBUG]  image: ./stanford_cars/cars_train/03744.jpg is a ['Ford Freestar Minivan 2007'] with label 107
2026-08-18 19:52:17,382 [MainThread  ] [DEBUG]  image: ./stanford_cars/cars_train/00687.jpg is a ['Hyundai Azera Sedan 2012'] with label 139
2026-08-18 19:52:17,398 [MainThread  ] [DEBUG]  image: ./stanford_cars/cars_train/06502.jpg is a ['Chevrolet Silverado 1500 Classic Extended Cab 2007'] with label 69
2026-08-18 19:52:17,402 [MainThread  ] [DEBUG]  image: ./stanford_cars/cars_train/00460.jpg is a ['Suzuki Kizashi Sedan 2012'] with label 181
2026-08-18 19:52:17,427 [MainThread  ] [DEBUG]  image: ./stanford_cars/cars_train/05954.jpg is a ['Spyker C8 Coupe 2009'] with label 179
2026-08-18 19:52:17,434 [MainThread  ] [DEBUG]  image: ./stanford_cars/cars_train/02239.jpg is a ['Hyundai Veracruz SUV 2012'] with label 132
2026-08-18 19:52:17,451 [MainThread  ] [DEBUG]  image: ./stanford_cars/cars_train/07029.jpg is a ['Cadillac CTS-V Sedan 2012'] with label 50
2026-08-18 19:52:17,458 [MainThread  ] [DEBUG]  image: ./stanford_cars/cars_train/04850.jpg is a ['Hyundai Veracruz SUV 2012'] with label 132
2026-08-18 19:52:17,470 [MainThread  ] [DEBUG]  running forward and backward pass
2026-08-18 19:52:17,677 [MainThread  ] [DEBUG]  fraction of training data processed: 69.696970
2026-08-18 19:52:17,677 [MainThread  ] [DEBUG]  batch running training loss: 296.799678
2026-08-18 19:52:17,677 [MainThread  ] [DEBUG]  batch running training accuracy: 0.000000
2026-08-18 19:52:17,677 [MainThread  ] [DEBUG]  image: ./stanford_cars/cars_train/02341.jpg is a ['Audi 100 Wagon 1994'] with label 17
2026-08-18 19:52:17,681 [MainThread  ] [DEBUG]  image: ./stanford_cars/cars_train/04990.jpg is a ['McLaren MP4-12C Coupe 2012'] with label 159
2026-08-18 19:52:17,723 [MainThread  ] [DEBUG]  image: ./stanford_cars/cars_train/03752.jpg is a ['Chevrolet Silverado 1500 Extended Cab 2012'] with label 73
2026-08-18 19:52:17,732 [MainThread  ] [DEBUG]  image: ./stanford_cars/cars_train/01007.jpg is a ['Hyundai Genesis Sedan 2012'] with label 136
2026-08-18 19:52:17,750 [MainThread  ] [DEBUG]  image: ./stanford_cars/cars_train/07917.jpg is a ['Toyota Corolla Sedan 2012'] with label 187
2026-08-18 19:52:17,761 [MainThread  ] [DEBUG]  image: ./stanford_cars/cars_train/00621.jpg is a ['Jeep Patriot SUV 2012'] with label 144
2026-08-18 19:52:17,772 [MainThread  ] [DEBUG]  image: ./stanford_cars/cars_train/01169.jpg is a ['Chevrolet Malibu Sedan 2007'] with label 72
2026-08-18 19:52:17,778 [MainThread  ] [DEBUG]  image: ./stanford_cars/cars_train/00052.jpg is a ['Jeep Grand Cherokee SUV 2012'] with label 147
2026-08-18 19:52:17,792 [MainThread  ] [DEBUG]  running forward and backward pass
2026-08-18 19:52:18,050 [MainThread  ] [DEBUG]  fraction of training data processed: 71.212121
2026-08-18 19:52:18,050 [MainThread  ] [DEBUG]  batch running training loss: 302.816980
2026-08-18 19:52:18,050 [MainThread  ] [DEBUG]  batch running training accuracy: 0.000000
2026-08-18 19:52:18,050 [MainThread  ] [DEBUG]  image: ./stanford_cars/cars_train/01438.jpg is a ['BMW X6 SUV 2012'] with label 32
2026-08-18 19:52:18,068 [MainThread  ] [DEBUG]  image: ./stanford_cars/cars_train/01673.jpg is a ['Chrysler PT Cruiser Convertible 2008'] with label 80
2026-08-18 19:52:18,078 [MainThread  ] [DEBUG]  image: ./stanford_cars/cars_train/07340.jpg is a ['Aston Martin Virage Coupe 2012'] with label 10
2026-08-18 19:52:18,090 [MainThread  ] [DEBUG]  image: ./stanford_cars/cars_train/01408.jpg is a ['Volkswagen Golf Hatchback 2012'] with label 189
2026-08-18 19:52:18,095 [MainThread  ] [DEBUG]  image: ./stanford_cars/cars_train/06043.jpg is a ['Hyundai Veloster Hatchback 2012'] with label 129
2026-08-18 19:52:18,104 [MainThread  ] [DEBUG]  image: ./stanford_cars/cars_train/06869.jpg is a ['Audi R8 Coupe 2012'] with label 14
2026-08-18 19:52:18,110 [MainThread  ] [DEBUG]  image: ./stanford_cars/cars_train/04468.jpg is a ['Daewoo Nubira Wagon 2002'] with label 81
2026-08-18 19:52:18,117 [MainThread  ] [DEBUG]  image: ./stanford_cars/cars_train/07280.jpg is a ['Toyota Camry Sedan 2012'] with label 186
2026-08-18 19:52:18,128 [MainThread  ] [DEBUG]  running forward and backward pass
2026-08-18 19:52:18,345 [MainThread  ] [DEBUG]  fraction of training data processed: 72.727273
2026-08-18 19:52:18,345 [MainThread  ] [DEBUG]  batch running training loss: 309.080410
2026-08-18 19:52:18,346 [MainThread  ] [DEBUG]  batch running training accuracy: 0.000000
2026-08-18 19:52:18,346 [MainThread  ] [DEBUG]  image: ./stanford_cars/cars_train/05162.jpg is a ['Audi S6 Sedan 2011'] with label 19
2026-08-18 19:52:18,359 [MainThread  ] [DEBUG]  image: ./stanford_cars/cars_train/06349.jpg is a ['Jeep Compass SUV 2012'] with label 148
2026-08-18 19:52:18,367 [MainThread  ] [DEBUG]  image: ./stanford_cars/cars_train/03983.jpg is a ['Lamborghini Diablo Coupe 2001'] with label 152
2026-08-18 19:52:18,374 [MainThread  ] [DEBUG]  image: ./stanford_cars/cars_train/00282.jpg is a ['Chevrolet Impala Sedan 2007'] with label 60
2026-08-18 19:52:18,381 [MainThread  ] [DEBUG]  image: ./stanford_cars/cars_train/03995.jpg is a ['Volvo XC90 SUV 2007'] with label 194
2026-08-18 19:52:18,394 [MainThread  ] [DEBUG]  image: ./stanford_cars/cars_train/00758.jpg is a ['Buick Verano Sedan 2012'] with label 48
2026-08-18 19:52:18,405 [MainThread  ] [DEBUG]  image: ./stanford_cars/cars_train/02521.jpg is a ['Rolls-Royce Phantom Sedan 2012'] with label 176
2026-08-18 19:52:18,412 [MainThread  ] [DEBUG]  image: ./stanford_cars/cars_train/04540.jpg is a ['Jaguar XK XKR 2012'] with label 143
2026-08-18 19:52:18,456 [MainThread  ] [DEBUG]  running forward and backward pass
2026-08-18 19:52:18,672 [MainThread  ] [DEBUG]  fraction of training data processed: 74.242424
2026-08-18 19:52:18,672 [MainThread  ] [DEBUG]  batch running training loss: 316.511515
2026-08-18 19:52:18,672 [MainThread  ] [DEBUG]  batch running training accuracy: 0.000000
2026-08-18 19:52:18,672 [MainThread  ] [DEBUG]  image: ./stanford_cars/cars_train/02343.jpg is a ['BMW Z4 Convertible 2012'] with label 37
2026-08-18 19:52:18,680 [MainThread  ] [DEBUG]  image: ./stanford_cars/cars_train/02935.jpg is a ['Dodge Durango SUV 2007'] with label 94
2026-08-18 19:52:18,689 [MainThread  ] [DEBUG]  image: ./stanford_cars/cars_train/03900.jpg is a ['Rolls-Royce Phantom Sedan 2012'] with label 176
2026-08-18 19:52:18,696 [MainThread  ] [DEBUG]  image: ./stanford_cars/cars_train/02842.jpg is a ['Chevrolet Silverado 1500 Regular Cab 2012'] with label 74
2026-08-18 19:52:18,710 [MainThread  ] [DEBUG]  image: ./stanford_cars/cars_train/04429.jpg is a ['Chrysler 300 SRT-8 2010'] with label 78
2026-08-18 19:52:18,725 [MainThread  ] [DEBUG]  image: ./stanford_cars/cars_train/05529.jpg is a ['Aston Martin Virage Coupe 2012'] with label 10
2026-08-18 19:52:18,738 [MainThread  ] [DEBUG]  image: ./stanford_cars/cars_train/05644.jpg is a ['Audi S4 Sedan 2012'] with label 22
2026-08-18 19:52:18,748 [MainThread  ] [DEBUG]  image: ./stanford_cars/cars_train/03940.jpg is a ['Mercedes-Benz S-Class Sedan 2012'] with label 164
2026-08-18 19:52:18,799 [MainThread  ] [DEBUG]  running forward and backward pass
2026-08-18 19:52:19,021 [MainThread  ] [DEBUG]  fraction of training data processed: 75.757576
2026-08-18 19:52:19,022 [MainThread  ] [DEBUG]  batch running training loss: 323.462420
2026-08-18 19:52:19,022 [MainThread  ] [DEBUG]  batch running training accuracy: 0.000000
2026-08-18 19:52:19,022 [MainThread  ] [DEBUG]  image: ./stanford_cars/cars_train/00097.jpg is a ['Chevrolet Corvette Ron Fellows Edition Z06 2007'] with label 56
2026-08-18 19:52:19,024 [MainThread  ] [DEBUG]  image: ./stanford_cars/cars_train/01859.jpg is a ['Plymouth Neon Coupe 1999'] with label 171
2026-08-18 19:52:19,035 [MainThread  ] [DEBUG]  image: ./stanford_cars/cars_train/04084.jpg is a ['Rolls-Royce Phantom Sedan 2012'] with label 176
2026-08-18 19:52:19,043 [MainThread  ] [DEBUG]  image: ./stanford_cars/cars_train/05028.jpg is a ['BMW 1 Series Coupe 2012'] with label 27
2026-08-18 19:52:19,047 [MainThread  ] [DEBUG]  image: ./stanford_cars/cars_train/06068.jpg is a ['Volvo XC90 SUV 2007'] with label 194
2026-08-18 19:52:19,057 [MainThread  ] [DEBUG]  image: ./stanford_cars/cars_train/00351.jpg is a ['Bentley Continental GT Coupe 2012'] with label 41
2026-08-18 19:52:19,066 [MainThread  ] [DEBUG]  image: ./stanford_cars/cars_train/02941.jpg is a ['Chevrolet Cobalt SS 2010'] with label 65
2026-08-18 19:52:19,075 [MainThread  ] [DEBUG]  image: ./stanford_cars/cars_train/06292.jpg is a ['Acura TSX Sedan 2012'] with label 4
2026-08-18 19:52:19,099 [MainThread  ] [DEBUG]  running forward and backward pass
2026-08-18 19:52:19,305 [MainThread  ] [DEBUG]  fraction of training data processed: 77.272727
2026-08-18 19:52:19,305 [MainThread  ] [DEBUG]  batch running training loss: 329.938004
2026-08-18 19:52:19,305 [MainThread  ] [DEBUG]  batch running training accuracy: 0.000000
2026-08-18 19:52:19,305 [MainThread  ] [DEBUG]  image: ./stanford_cars/cars_train/03974.jpg is a ['Hyundai Genesis Sedan 2012'] with label 136
2026-08-18 19:52:19,315 [MainThread  ] [DEBUG]  image: ./stanford_cars/cars_train/04870.jpg is a ['Buick Regal GS 2012'] with label 46
2026-08-18 19:52:19,329 [MainThread  ] [DEBUG]  image: ./stanford_cars/cars_train/04992.jpg is a ['GMC Terrain SUV 2012'] with label 117
2026-08-18 19:52:19,337 [MainThread  ] [DEBUG]  image: ./stanford_cars/cars_train/04512.jpg is a ['Chrysler Sebring Convertible 2010'] with label 76
2026-08-18 19:52:19,345 [MainThread  ] [DEBUG]  image: ./stanford_cars/cars_train/05920.jpg is a ['Hyundai Sonata Sedan 2012'] with label 137
2026-08-18 19:52:19,352 [MainThread  ] [DEBUG]  image: ./stanford_cars/cars_train/04330.jpg is a ['Chevrolet Avalanche Crew Cab 2012'] with label 64
2026-08-18 19:52:19,370 [MainThread  ] [DEBUG]  image: ./stanford_cars/cars_train/01693.jpg is a ['Hyundai Santa Fe SUV 2012'] with label 130
2026-08-18 19:52:19,392 [MainThread  ] [DEBUG]  image: ./stanford_cars/cars_train/00838.jpg is a ['Volvo C30 Hatchback 2012'] with label 192
2026-08-18 19:52:19,412 [MainThread  ] [DEBUG]  running forward and backward pass
2026-08-18 19:52:19,635 [MainThread  ] [DEBUG]  fraction of training data processed: 78.787879
2026-08-18 19:52:19,635 [MainThread  ] [DEBUG]  batch running training loss: 335.786355
2026-08-18 19:52:19,635 [MainThread  ] [DEBUG]  batch running training accuracy: 1.000000
2026-08-18 19:52:19,636 [MainThread  ] [DEBUG]  image: ./stanford_cars/cars_train/05802.jpg is a ['Audi V8 Sedan 1994'] with label 15
2026-08-18 19:52:19,642 [MainThread  ] [DEBUG]  image: ./stanford_cars/cars_train/00060.jpg is a ['HUMMER H3T Crew Cab 2010'] with label 123
2026-08-18 19:52:19,647 [MainThread  ] [DEBUG]  image: ./stanford_cars/cars_train/05599.jpg is a ['Land Rover Range Rover SUV 2012'] with label 153
2026-08-18 19:52:19,659 [MainThread  ] [DEBUG]  image: ./stanford_cars/cars_train/03284.jpg is a ['Suzuki SX4 Hatchback 2012'] with label 182
2026-08-18 19:52:19,670 [MainThread  ] [DEBUG]  image: ./stanford_cars/cars_train/04023.jpg is a ['BMW ActiveHybrid 5 Sedan 2012'] with label 25
2026-08-18 19:52:19,676 [MainThread  ] [DEBUG]  image: ./stanford_cars/cars_train/02211.jpg is a ['Ford E-Series Wagon Van 2012'] with label 115
2026-08-18 19:52:19,680 [MainThread  ] [DEBUG]  image: ./stanford_cars/cars_train/05112.jpg is a ['Chevrolet Cobalt SS 2010'] with label 65
2026-08-18 19:52:19,688 [MainThread  ] [DEBUG]  image: ./stanford_cars/cars_train/02539.jpg is a ['Audi TT Hatchback 2011'] with label 18
2026-08-18 19:52:19,700 [MainThread  ] [DEBUG]  running forward and backward pass
2026-08-18 19:52:19,919 [MainThread  ] [DEBUG]  fraction of training data processed: 80.303030
2026-08-18 19:52:19,919 [MainThread  ] [DEBUG]  batch running training loss: 341.408909
2026-08-18 19:52:19,920 [MainThread  ] [DEBUG]  batch running training accuracy: 1.000000
2026-08-18 19:52:19,920 [MainThread  ] [DEBUG]  image: ./stanford_cars/cars_train/07021.jpg is a ['Dodge Durango SUV 2007'] with label 94
2026-08-18 19:52:19,931 [MainThread  ] [DEBUG]  image: ./stanford_cars/cars_train/05602.jpg is a ['Ford Expedition EL SUV 2009'] with label 108
2026-08-18 19:52:19,937 [MainThread  ] [DEBUG]  image: ./stanford_cars/cars_train/01582.jpg is a ['BMW M5 Sedan 2010'] with label 34
2026-08-18 19:52:19,955 [MainThread  ] [DEBUG]  image: ./stanford_cars/cars_train/06856.jpg is a ['Chevrolet Express Van 2007'] with label 70
2026-08-18 19:52:19,963 [MainThread  ] [DEBUG]  image: ./stanford_cars/cars_train/07859.jpg is a ['Plymouth Neon Coupe 1999'] with label 171
2026-08-18 19:52:19,984 [MainThread  ] [DEBUG]  image: ./stanford_cars/cars_train/02099.jpg is a ['Chevrolet Avalanche Crew Cab 2012'] with label 64
2026-08-18 19:52:19,990 [MainThread  ] [DEBUG]  image: ./stanford_cars/cars_train/07710.jpg is a ['Land Rover LR2 SUV 2012'] with label 154
2026-08-18 19:52:19,994 [MainThread  ] [DEBUG]  image: ./stanford_cars/cars_train/03186.jpg is a ['Scion xD Hatchback 2012'] with label 177
2026-08-18 19:52:20,007 [MainThread  ] [DEBUG]  running forward and backward pass
2026-08-18 19:52:20,276 [MainThread  ] [DEBUG]  fraction of training data processed: 81.818182
2026-08-18 19:52:20,276 [MainThread  ] [DEBUG]  batch running training loss: 347.330264
2026-08-18 19:52:20,276 [MainThread  ] [DEBUG]  batch running training accuracy: 1.000000
2026-08-18 19:52:20,277 [MainThread  ] [DEBUG]  image: ./stanford_cars/cars_train/05385.jpg is a ['Volkswagen Beetle Hatchback 2012'] with label 191
2026-08-18 19:52:20,293 [MainThread  ] [DEBUG]  image: ./stanford_cars/cars_train/07645.jpg is a ['Dodge Caliber Wagon 2007'] with label 83
2026-08-18 19:52:20,298 [MainThread  ] [DEBUG]  image: ./stanford_cars/cars_train/06638.jpg is a ['Suzuki SX4 Hatchback 2012'] with label 182
2026-08-18 19:52:20,324 [MainThread  ] [DEBUG]  image: ./stanford_cars/cars_train/03619.jpg is a ['Audi S5 Convertible 2012'] with label 20
2026-08-18 19:52:20,328 [MainThread  ] [DEBUG]  image: ./stanford_cars/cars_train/06441.jpg is a ['Chrysler Aspen SUV 2009'] with label 75
2026-08-18 19:52:20,337 [MainThread  ] [DEBUG]  image: ./stanford_cars/cars_train/03829.jpg is a ['Audi S5 Coupe 2012'] with label 21
2026-08-18 19:52:20,350 [MainThread  ] [DEBUG]  image: ./stanford_cars/cars_train/02344.jpg is a ['Volvo 240 Sedan 1993'] with label 193
2026-08-18 19:52:20,365 [MainThread  ] [DEBUG]  image: ./stanford_cars/cars_train/07175.jpg is a ['Acura TL Sedan 2012'] with label 2
2026-08-18 19:52:20,425 [MainThread  ] [DEBUG]  running forward and backward pass
2026-08-18 19:52:20,734 [MainThread  ] [DEBUG]  fraction of training data processed: 83.333333
2026-08-18 19:52:20,734 [MainThread  ] [DEBUG]  batch running training loss: 353.787007
2026-08-18 19:52:20,735 [MainThread  ] [DEBUG]  batch running training accuracy: 1.000000
2026-08-18 19:52:20,735 [MainThread  ] [DEBUG]  image: ./stanford_cars/cars_train/05991.jpg is a ['Chevrolet TrailBlazer SS 2009'] with label 67
2026-08-18 19:52:20,746 [MainThread  ] [DEBUG]  image: ./stanford_cars/cars_train/01178.jpg is a ['Bentley Continental GT Coupe 2007'] with label 42
2026-08-18 19:52:20,760 [MainThread  ] [DEBUG]  image: ./stanford_cars/cars_train/02112.jpg is a ['Ford F-150 Regular Cab 2007'] with label 113
2026-08-18 19:52:20,772 [MainThread  ] [DEBUG]  image: ./stanford_cars/cars_train/01099.jpg is a ['Bugatti Veyron 16.4 Convertible 2009'] with label 44
2026-08-18 19:52:20,832 [MainThread  ] [DEBUG]  image: ./stanford_cars/cars_train/05532.jpg is a ['GMC Canyon Extended Cab 2012'] with label 121
2026-08-18 19:52:20,875 [MainThread  ] [DEBUG]  image: ./stanford_cars/cars_train/06781.jpg is a ['Bentley Continental Flying Spur Sedan 2007'] with label 43
2026-08-18 19:52:20,881 [MainThread  ] [DEBUG]  image: ./stanford_cars/cars_train/07595.jpg is a ['Infiniti QX56 SUV 2011'] with label 141
2026-08-18 19:52:20,885 [MainThread  ] [DEBUG]  image: ./stanford_cars/cars_train/03095.jpg is a ['GMC Savana Van 2012'] with label 118
2026-08-18 19:52:20,916 [MainThread  ] [DEBUG]  running forward and backward pass
2026-08-18 19:52:21,137 [MainThread  ] [DEBUG]  fraction of training data processed: 84.848485
2026-08-18 19:52:21,137 [MainThread  ] [DEBUG]  batch running training loss: 360.135993
2026-08-18 19:52:21,138 [MainThread  ] [DEBUG]  batch running training accuracy: 1.000000
2026-08-18 19:52:21,138 [MainThread  ] [DEBUG]  image: ./stanford_cars/cars_train/07311.jpg is a ['BMW X5 SUV 2007'] with label 31
2026-08-18 19:52:21,143 [MainThread  ] [DEBUG]  image: ./stanford_cars/cars_train/07778.jpg is a ['Bentley Continental GT Coupe 2007'] with label 42
2026-08-18 19:52:21,153 [MainThread  ] [DEBUG]  image: ./stanford_cars/cars_train/03525.jpg is a ['BMW 1 Series Convertible 2012'] with label 26
2026-08-18 19:52:21,157 [MainThread  ] [DEBUG]  image: ./stanford_cars/cars_train/04526.jpg is a ['Volkswagen Golf Hatchback 1991'] with label 190
2026-08-18 19:52:21,172 [MainThread  ] [DEBUG]  image: ./stanford_cars/cars_train/00548.jpg is a ['Audi A5 Coupe 2012'] with label 12
2026-08-18 19:52:21,175 [MainThread  ] [DEBUG]  image: ./stanford_cars/cars_train/05900.jpg is a ['Jeep Liberty SUV 2012'] with label 146
2026-08-18 19:52:21,190 [MainThread  ] [DEBUG]  image: ./stanford_cars/cars_train/04078.jpg is a ['Volkswagen Golf Hatchback 1991'] with label 190
2026-08-18 19:52:21,325 [MainThread  ] [DEBUG]  image: ./stanford_cars/cars_train/00427.jpg is a ['Ford Fiesta Sedan 2012'] with label 116
2026-08-18 19:52:21,338 [MainThread  ] [DEBUG]  running forward and backward pass
2026-08-18 19:52:21,557 [MainThread  ] [DEBUG]  fraction of training data processed: 86.363636
2026-08-18 19:52:21,557 [MainThread  ] [DEBUG]  batch running training loss: 366.985624
2026-08-18 19:52:21,557 [MainThread  ] [DEBUG]  batch running training accuracy: 1.000000
2026-08-18 19:52:21,557 [MainThread  ] [DEBUG]  image: ./stanford_cars/cars_train/07045.jpg is a ['BMW 3 Series Wagon 2012'] with label 29
2026-08-18 19:52:21,566 [MainThread  ] [DEBUG]  image: ./stanford_cars/cars_train/02912.jpg is a ['Chevrolet Silverado 1500 Extended Cab 2012'] with label 73
2026-08-18 19:52:21,573 [MainThread  ] [DEBUG]  image: ./stanford_cars/cars_train/00783.jpg is a ['Chrysler 300 SRT-8 2010'] with label 78
2026-08-18 19:52:21,614 [MainThread  ] [DEBUG]  image: ./stanford_cars/cars_train/01421.jpg is a ['Dodge Charger SRT-8 2009'] with label 96
2026-08-18 19:52:21,627 [MainThread  ] [DEBUG]  image: ./stanford_cars/cars_train/01716.jpg is a ['Acura TL Sedan 2012'] with label 2
2026-08-18 19:52:21,638 [MainThread  ] [DEBUG]  image: ./stanford_cars/cars_train/00073.jpg is a ['Ford F-450 Super Duty Crew Cab 2012'] with label 105
2026-08-18 19:52:21,643 [MainThread  ] [DEBUG]  image: ./stanford_cars/cars_train/06753.jpg is a ['Jeep Liberty SUV 2012'] with label 146
2026-08-18 19:52:21,662 [MainThread  ] [DEBUG]  image: ./stanford_cars/cars_train/05431.jpg is a ['Dodge Charger Sedan 2012'] with label 95
2026-08-18 19:52:21,693 [MainThread  ] [DEBUG]  running forward and backward pass
2026-08-18 19:52:21,942 [MainThread  ] [DEBUG]  fraction of training data processed: 87.878788
2026-08-18 19:52:21,942 [MainThread  ] [DEBUG]  batch running training loss: 373.299803
2026-08-18 19:52:21,942 [MainThread  ] [DEBUG]  batch running training accuracy: 1.000000
2026-08-18 19:52:21,942 [MainThread  ] [DEBUG]  image: ./stanford_cars/cars_train/07327.jpg is a ['Ford Fiesta Sedan 2012'] with label 116
2026-08-18 19:52:21,952 [MainThread  ] [DEBUG]  image: ./stanford_cars/cars_train/06357.jpg is a ['Chevrolet Express Van 2007'] with label 70
2026-08-18 19:52:21,957 [MainThread  ] [DEBUG]  image: ./stanford_cars/cars_train/03058.jpg is a ['Eagle Talon Hatchback 1998'] with label 97
2026-08-18 19:52:21,976 [MainThread  ] [DEBUG]  image: ./stanford_cars/cars_train/04052.jpg is a ['BMW M6 Convertible 2010'] with label 35
2026-08-18 19:52:21,987 [MainThread  ] [DEBUG]  image: ./stanford_cars/cars_train/01765.jpg is a ['Ford Ranger SuperCab 2011'] with label 110
2026-08-18 19:52:21,994 [MainThread  ] [DEBUG]  image: ./stanford_cars/cars_train/05755.jpg is a ['Hyundai Azera Sedan 2012'] with label 139
2026-08-18 19:52:22,006 [MainThread  ] [DEBUG]  image: ./stanford_cars/cars_train/01029.jpg is a ['Chevrolet Silverado 1500 Classic Extended Cab 2007'] with label 69
2026-08-18 19:52:22,014 [MainThread  ] [DEBUG]  image: ./stanford_cars/cars_train/05852.jpg is a ['BMW Z4 Convertible 2012'] with label 37
2026-08-18 19:52:22,021 [MainThread  ] [DEBUG]  running forward and backward pass
2026-08-18 19:52:22,270 [MainThread  ] [DEBUG]  fraction of training data processed: 89.393939
2026-08-18 19:52:22,271 [MainThread  ] [DEBUG]  batch running training loss: 379.430928
2026-08-18 19:52:22,271 [MainThread  ] [DEBUG]  batch running training accuracy: 1.000000
2026-08-18 19:52:22,271 [MainThread  ] [DEBUG]  image: ./stanford_cars/cars_train/06849.jpg is a ['Buick Rainier SUV 2007'] with label 47
2026-08-18 19:52:22,281 [MainThread  ] [DEBUG]  image: ./stanford_cars/cars_train/05046.jpg is a ['Dodge Dakota Crew Cab 2010'] with label 89
2026-08-18 19:52:22,325 [MainThread  ] [DEBUG]  image: ./stanford_cars/cars_train/01037.jpg is a ['Honda Odyssey Minivan 2007'] with label 126
2026-08-18 19:52:22,334 [MainThread  ] [DEBUG]  image: ./stanford_cars/cars_train/04327.jpg is a ['Jeep Wrangler SUV 2012'] with label 145
2026-08-18 19:52:22,343 [MainThread  ] [DEBUG]  image: ./stanford_cars/cars_train/07262.jpg is a ['BMW 1 Series Coupe 2012'] with label 27
2026-08-18 19:52:22,348 [MainThread  ] [DEBUG]  image: ./stanford_cars/cars_train/01302.jpg is a ['Scion xD Hatchback 2012'] with label 177
2026-08-18 19:52:22,355 [MainThread  ] [DEBUG]  image: ./stanford_cars/cars_train/04977.jpg is a ['Honda Odyssey Minivan 2007'] with label 126
2026-08-18 19:52:22,360 [MainThread  ] [DEBUG]  image: ./stanford_cars/cars_train/00760.jpg is a ['Nissan Juke Hatchback 2012'] with label 169
2026-08-18 19:52:22,387 [MainThread  ] [DEBUG]  running forward and backward pass
2026-08-18 19:52:22,625 [MainThread  ] [DEBUG]  fraction of training data processed: 90.909091
2026-08-18 19:52:22,625 [MainThread  ] [DEBUG]  batch running training loss: 386.579990
2026-08-18 19:52:22,625 [MainThread  ] [DEBUG]  batch running training accuracy: 1.000000
2026-08-18 19:52:22,625 [MainThread  ] [DEBUG]  image: ./stanford_cars/cars_train/06827.jpg is a ['Infiniti QX56 SUV 2011'] with label 141
2026-08-18 19:52:22,635 [MainThread  ] [DEBUG]  image: ./stanford_cars/cars_train/06716.jpg is a ['Audi S5 Convertible 2012'] with label 20
2026-08-18 19:52:22,641 [MainThread  ] [DEBUG]  image: ./stanford_cars/cars_train/07098.jpg is a ['Ford Mustang Convertible 2007'] with label 106
2026-08-18 19:52:22,650 [MainThread  ] [DEBUG]  image: ./stanford_cars/cars_train/01342.jpg is a ['Chevrolet Camaro Convertible 2012'] with label 58
2026-08-18 19:52:22,658 [MainThread  ] [DEBUG]  image: ./stanford_cars/cars_train/03857.jpg is a ['Suzuki SX4 Sedan 2012'] with label 183
2026-08-18 19:52:22,682 [MainThread  ] [DEBUG]  image: ./stanford_cars/cars_train/01644.jpg is a ['Audi TT Hatchback 2011'] with label 18
2026-08-18 19:52:22,689 [MainThread  ] [DEBUG]  image: ./stanford_cars/cars_train/07678.jpg is a ['BMW X6 SUV 2012'] with label 32
2026-08-18 19:52:22,761 [MainThread  ] [DEBUG]  image: ./stanford_cars/cars_train/01683.jpg is a ['Dodge Ram Pickup 3500 Crew Cab 2010'] with label 85
2026-08-18 19:52:22,770 [MainThread  ] [DEBUG]  running forward and backward pass
2026-08-18 19:52:22,990 [MainThread  ] [DEBUG]  fraction of training data processed: 92.424242
2026-08-18 19:52:22,990 [MainThread  ] [DEBUG]  batch running training loss: 392.681042
2026-08-18 19:52:22,991 [MainThread  ] [DEBUG]  batch running training accuracy: 1.000000
2026-08-18 19:52:22,991 [MainThread  ] [DEBUG]  image: ./stanford_cars/cars_train/07567.jpg is a ['Lincoln Town Car Sedan 2011'] with label 155
2026-08-18 19:52:22,999 [MainThread  ] [DEBUG]  image: ./stanford_cars/cars_train/07166.jpg is a ['Chevrolet Malibu Sedan 2007'] with label 72
2026-08-18 19:52:23,014 [MainThread  ] [DEBUG]  image: ./stanford_cars/cars_train/01522.jpg is a ['Bentley Arnage Sedan 2009'] with label 39
2026-08-18 19:52:23,021 [MainThread  ] [DEBUG]  image: ./stanford_cars/cars_train/02652.jpg is a ['Jeep Wrangler SUV 2012'] with label 145
2026-08-18 19:52:23,041 [MainThread  ] [DEBUG]  image: ./stanford_cars/cars_train/07689.jpg is a ['BMW 1 Series Convertible 2012'] with label 26
2026-08-18 19:52:23,049 [MainThread  ] [DEBUG]  image: ./stanford_cars/cars_train/02662.jpg is a ['Daewoo Nubira Wagon 2002'] with label 81
2026-08-18 19:52:23,062 [MainThread  ] [DEBUG]  image: ./stanford_cars/cars_train/07985.jpg is a ['GMC Savana Van 2012'] with label 118
2026-08-18 19:52:23,071 [MainThread  ] [DEBUG]  image: ./stanford_cars/cars_train/06439.jpg is a ['Jaguar XK XKR 2012'] with label 143
2026-08-18 19:52:23,096 [MainThread  ] [DEBUG]  running forward and backward pass
2026-08-18 19:52:23,311 [MainThread  ] [DEBUG]  fraction of training data processed: 93.939394
2026-08-18 19:52:23,311 [MainThread  ] [DEBUG]  batch running training loss: 398.807525
2026-08-18 19:52:23,312 [MainThread  ] [DEBUG]  batch running training accuracy: 1.000000
2026-08-18 19:52:23,312 [MainThread  ] [DEBUG]  image: ./stanford_cars/cars_train/04905.jpg is a ['Tesla Model S Sedan 2012'] with label 184
2026-08-18 19:52:23,329 [MainThread  ] [DEBUG]  image: ./stanford_cars/cars_train/07454.jpg is a ['Volvo C30 Hatchback 2012'] with label 192
2026-08-18 19:52:23,340 [MainThread  ] [DEBUG]  image: ./stanford_cars/cars_train/02848.jpg is a ['AM General Hummer SUV 2000'] with label 0
2026-08-18 19:52:23,350 [MainThread  ] [DEBUG]  image: ./stanford_cars/cars_train/02953.jpg is a ['FIAT 500 Abarth 2012'] with label 98
2026-08-18 19:52:23,357 [MainThread  ] [DEBUG]  image: ./stanford_cars/cars_train/06102.jpg is a ['Hyundai Genesis Sedan 2012'] with label 136
2026-08-18 19:52:23,364 [MainThread  ] [DEBUG]  image: ./stanford_cars/cars_train/01177.jpg is a ['Mercedes-Benz S-Class Sedan 2012'] with label 164
2026-08-18 19:52:23,384 [MainThread  ] [DEBUG]  image: ./stanford_cars/cars_train/03021.jpg is a ['Hyundai Elantra Touring Hatchback 2012'] with label 138
2026-08-18 19:52:23,395 [MainThread  ] [DEBUG]  image: ./stanford_cars/cars_train/07019.jpg is a ['Chevrolet Silverado 2500HD Regular Cab 2012'] with label 68
2026-08-18 19:52:23,405 [MainThread  ] [DEBUG]  running forward and backward pass
2026-08-18 19:52:23,640 [MainThread  ] [DEBUG]  fraction of training data processed: 95.454545
2026-08-18 19:52:23,640 [MainThread  ] [DEBUG]  batch running training loss: 405.677680
2026-08-18 19:52:23,640 [MainThread  ] [DEBUG]  batch running training accuracy: 1.000000
2026-08-18 19:52:23,640 [MainThread  ] [DEBUG]  image: ./stanford_cars/cars_train/06110.jpg is a ['Bentley Mulsanne Sedan 2011'] with label 40
2026-08-18 19:52:23,648 [MainThread  ] [DEBUG]  image: ./stanford_cars/cars_train/06347.jpg is a ['Hyundai Sonata Hybrid Sedan 2012'] with label 133
2026-08-18 19:52:23,668 [MainThread  ] [DEBUG]  image: ./stanford_cars/cars_train/03303.jpg is a ['Land Rover LR2 SUV 2012'] with label 154
2026-08-18 19:52:23,676 [MainThread  ] [DEBUG]  image: ./stanford_cars/cars_train/05972.jpg is a ['Audi S4 Sedan 2012'] with label 22
2026-08-18 19:52:23,685 [MainThread  ] [DEBUG]  image: ./stanford_cars/cars_train/06608.jpg is a ['smart fortwo Convertible 2012'] with label 195
2026-08-18 19:52:23,709 [MainThread  ] [DEBUG]  image: ./stanford_cars/cars_train/06316.jpg is a ['Dodge Caliber Wagon 2012'] with label 82
2026-08-18 19:52:23,714 [MainThread  ] [DEBUG]  image: ./stanford_cars/cars_train/02805.jpg is a ['Ford F-150 Regular Cab 2012'] with label 112
2026-08-18 19:52:23,721 [MainThread  ] [DEBUG]  image: ./stanford_cars/cars_train/03451.jpg is a ['BMW M3 Coupe 2012'] with label 33
2026-08-18 19:52:23,732 [MainThread  ] [DEBUG]  running forward and backward pass
2026-08-18 19:52:23,948 [MainThread  ] [DEBUG]  fraction of training data processed: 96.969697
2026-08-18 19:52:23,948 [MainThread  ] [DEBUG]  batch running training loss: 412.133319
2026-08-18 19:52:23,948 [MainThread  ] [DEBUG]  batch running training accuracy: 1.000000
2026-08-18 19:52:23,949 [MainThread  ] [DEBUG]  image: ./stanford_cars/cars_train/06633.jpg is a ['BMW M5 Sedan 2010'] with label 34
2026-08-18 19:52:23,958 [MainThread  ] [DEBUG]  image: ./stanford_cars/cars_train/02701.jpg is a ['Jaguar XK XKR 2012'] with label 143
2026-08-18 19:52:23,982 [MainThread  ] [DEBUG]  image: ./stanford_cars/cars_train/07576.jpg is a ['Eagle Talon Hatchback 1998'] with label 97
2026-08-18 19:52:23,990 [MainThread  ] [DEBUG]  image: ./stanford_cars/cars_train/00255.jpg is a ['Acura Integra Type R 2001'] with label 5
2026-08-18 19:52:23,999 [MainThread  ] [DEBUG]  image: ./stanford_cars/cars_train/06253.jpg is a ['Chevrolet Tahoe Hybrid SUV 2012'] with label 61
2026-08-18 19:52:24,061 [MainThread  ] [DEBUG]  image: ./stanford_cars/cars_train/07893.jpg is a ['Mercedes-Benz C-Class Sedan 2012'] with label 161
2026-08-18 19:52:24,066 [MainThread  ] [DEBUG]  image: ./stanford_cars/cars_train/02007.jpg is a ['Audi TTS Coupe 2012'] with label 13
2026-08-18 19:52:24,071 [MainThread  ] [DEBUG]  image: ./stanford_cars/cars_train/03783.jpg is a ['Honda Accord Coupe 2012'] with label 127
2026-08-18 19:52:24,085 [MainThread  ] [DEBUG]  running forward and backward pass
2026-08-18 19:52:24,303 [MainThread  ] [DEBUG]  fraction of training data processed: 98.484848
2026-08-18 19:52:24,304 [MainThread  ] [DEBUG]  batch running training loss: 417.926707
2026-08-18 19:52:24,304 [MainThread  ] [DEBUG]  batch running training accuracy: 1.000000
2026-08-18 19:52:24,310 [MainThread  ] [INFO ]  Epoch: training Weigthed F1-Score: 0.0016, Loss: 0.7915 Acc: 0.0019 
2026-08-18 19:52:24,310 [MainThread  ] [DEBUG]  current learning rate: 0.010000
2026-08-18 19:52:24,310 [MainThread  ] [INFO ]  validating model
2026-08-18 19:52:24,311 [MainThread  ] [DEBUG]  image: ./stanford_cars/cars_test/00999.jpg is a ['Ford F-150 Regular Cab 2012'] with label 112
2026-08-18 19:52:24,372 [MainThread  ] [DEBUG]  image: ./stanford_cars/cars_test/07575.jpg is a ['Nissan 240SX Coupe 1998'] with label 170
2026-08-18 19:52:24,378 [MainThread  ] [DEBUG]  image: ./stanford_cars/cars_test/05419.jpg is a ['Jeep Compass SUV 2012'] with label 148
2026-08-18 19:52:24,420 [MainThread  ] [DEBUG]  image: ./stanford_cars/cars_test/00302.jpg is a ['Audi A5 Coupe 2012'] with label 12
2026-08-18 19:52:24,425 [MainThread  ] [DEBUG]  image: ./stanford_cars/cars_test/01185.jpg is a ['Land Rover Range Rover SUV 2012'] with label 153
2026-08-18 19:52:24,432 [MainThread  ] [DEBUG]  image: ./stanford_cars/cars_test/06330.jpg is a ['Volkswagen Golf Hatchback 1991'] with label 190
2026-08-18 19:52:24,441 [MainThread  ] [DEBUG]  image: ./stanford_cars/cars_test/07113.jpg is a ['GMC Savana Van 2012'] with label 118
2026-08-18 19:52:24,450 [MainThread  ] [DEBUG]  image: ./stanford_cars/cars_test/07343.jpg is a ['BMW X3 SUV 2012'] with label 36
2026-08-18 19:52:24,459 [MainThread  ] [DEBUG]  running forward and backward pass
2026-08-18 19:52:24,655 [MainThread  ] [DEBUG]  fraction of validation data processed: 0.000000
2026-08-18 19:52:24,655 [MainThread  ] [DEBUG]  batch running validation loss: 5.083233
2026-08-18 19:52:24,655 [MainThread  ] [DEBUG]  batch running validation accuracy: 1.000000
2026-08-18 19:52:24,655 [MainThread  ] [DEBUG]  image: ./stanford_cars/cars_test/01191.jpg is a ['Ford F-450 Super Duty Crew Cab 2012'] with label 105
2026-08-18 19:52:24,667 [MainThread  ] [DEBUG]  image: ./stanford_cars/cars_test/02400.jpg is a ['Dodge Charger SRT-8 2009'] with label 96
2026-08-18 19:52:24,674 [MainThread  ] [DEBUG]  image: ./stanford_cars/cars_test/01794.jpg is a ['Honda Odyssey Minivan 2012'] with label 125
2026-08-18 19:52:24,693 [MainThread  ] [DEBUG]  image: ./stanford_cars/cars_test/05546.jpg is a ['Chrysler Crossfire Convertible 2008'] with label 79
2026-08-18 19:52:24,698 [MainThread  ] [DEBUG]  image: ./stanford_cars/cars_test/03574.jpg is a ['Volkswagen Beetle Hatchback 2012'] with label 191
2026-08-18 19:52:24,710 [MainThread  ] [DEBUG]  image: ./stanford_cars/cars_test/04733.jpg is a ['Audi TT RS Coupe 2012'] with label 24
2026-08-18 19:52:24,731 [MainThread  ] [DEBUG]  image: ./stanford_cars/cars_test/07031.jpg is a ['Mitsubishi Lancer Sedan 2012'] with label 166
2026-08-18 19:52:24,758 [MainThread  ] [DEBUG]  image: ./stanford_cars/cars_test/01509.jpg is a ['Acura TSX Sedan 2012'] with label 4
2026-08-18 19:52:24,885 [MainThread  ] [DEBUG]  running forward and backward pass
2026-08-18 19:52:25,115 [MainThread  ] [DEBUG]  fraction of validation data processed: 1.538462
2026-08-18 19:52:25,115 [MainThread  ] [DEBUG]  batch running validation loss: 11.546157
2026-08-18 19:52:25,115 [MainThread  ] [DEBUG]  batch running validation accuracy: 1.000000
2026-08-18 19:52:25,115 [MainThread  ] [DEBUG]  image: ./stanford_cars/cars_test/06646.jpg is a ['BMW M3 Coupe 2012'] with label 33
2026-08-18 19:52:25,125 [MainThread  ] [DEBUG]  image: ./stanford_cars/cars_test/00021.jpg is a ['Lamborghini Aventador Coupe 2012'] with label 150
2026-08-18 19:52:25,129 [MainThread  ] [DEBUG]  image: ./stanford_cars/cars_test/07624.jpg is a ['Jeep Compass SUV 2012'] with label 148
2026-08-18 19:52:25,150 [MainThread  ] [DEBUG]  image: ./stanford_cars/cars_test/03612.jpg is a ['Chevrolet Sonic Sedan 2012'] with label 62
2026-08-18 19:52:25,171 [MainThread  ] [DEBUG]  image: ./stanford_cars/cars_test/07615.jpg is a ['Jaguar XK XKR 2012'] with label 143
2026-08-18 19:52:25,180 [MainThread  ] [DEBUG]  image: ./stanford_cars/cars_test/05590.jpg is a ['Hyundai Elantra Touring Hatchback 2012'] with label 138
2026-08-18 19:52:25,187 [MainThread  ] [DEBUG]  image: ./stanford_cars/cars_test/03142.jpg is a ['Bentley Continental GT Coupe 2012'] with label 41
2026-08-18 19:52:25,190 [MainThread  ] [DEBUG]  image: ./stanford_cars/cars_test/06234.jpg is a ['Dodge Dakota Crew Cab 2010'] with label 89
2026-08-18 19:52:25,204 [MainThread  ] [DEBUG]  running forward and backward pass
2026-08-18 19:52:25,405 [MainThread  ] [DEBUG]  fraction of validation data processed: 3.076923
2026-08-18 19:52:25,405 [MainThread  ] [DEBUG]  batch running validation loss: 17.449791
2026-08-18 19:52:25,405 [MainThread  ] [DEBUG]  batch running validation accuracy: 2.000000
2026-08-18 19:52:25,406 [MainThread  ] [DEBUG]  image: ./stanford_cars/cars_test/03081.jpg is a ['Suzuki Kizashi Sedan 2012'] with label 181
2026-08-18 19:52:25,446 [MainThread  ] [DEBUG]  image: ./stanford_cars/cars_test/00032.jpg is a ['Jeep Grand Cherokee SUV 2012'] with label 147
2026-08-18 19:52:25,487 [MainThread  ] [DEBUG]  image: ./stanford_cars/cars_test/04550.jpg is a ['Chevrolet Silverado 1500 Hybrid Crew Cab 2012'] with label 53
2026-08-18 19:52:25,495 [MainThread  ] [DEBUG]  image: ./stanford_cars/cars_test/02913.jpg is a ['Chrysler Town and Country Minivan 2012'] with label 77
2026-08-18 19:52:25,503 [MainThread  ] [DEBUG]  image: ./stanford_cars/cars_test/06917.jpg is a ['Chevrolet Sonic Sedan 2012'] with label 62
2026-08-18 19:52:25,510 [MainThread  ] [DEBUG]  image: ./stanford_cars/cars_test/00390.jpg is a ['Dodge Caliber Wagon 2012'] with label 82
2026-08-18 19:52:25,515 [MainThread  ] [DEBUG]  image: ./stanford_cars/cars_test/04154.jpg is a ['HUMMER H3T Crew Cab 2010'] with label 123
2026-08-18 19:52:25,524 [MainThread  ] [DEBUG]  image: ./stanford_cars/cars_test/04440.jpg is a ['GMC Canyon Extended Cab 2012'] with label 121
2026-08-18 19:52:25,568 [MainThread  ] [DEBUG]  running forward and backward pass
2026-08-18 19:52:25,788 [MainThread  ] [DEBUG]  fraction of validation data processed: 4.615385
2026-08-18 19:52:25,788 [MainThread  ] [DEBUG]  batch running validation loss: 23.931334
2026-08-18 19:52:25,788 [MainThread  ] [DEBUG]  batch running validation accuracy: 2.000000
2026-08-18 19:52:25,789 [MainThread  ] [DEBUG]  image: ./stanford_cars/cars_test/00643.jpg is a ['Plymouth Neon Coupe 1999'] with label 171
2026-08-18 19:52:25,798 [MainThread  ] [DEBUG]  image: ./stanford_cars/cars_test/02940.jpg is a ['Chevrolet Traverse SUV 2012'] with label 57
2026-08-18 19:52:25,812 [MainThread  ] [DEBUG]  image: ./stanford_cars/cars_test/02426.jpg is a ['Acura ZDX Hatchback 2012'] with label 6
2026-08-18 19:52:25,823 [MainThread  ] [DEBUG]  image: ./stanford_cars/cars_test/01157.jpg is a ['Rolls-Royce Phantom Sedan 2012'] with label 176
2026-08-18 19:52:25,831 [MainThread  ] [DEBUG]  image: ./stanford_cars/cars_test/04448.jpg is a ['Volvo 240 Sedan 1993'] with label 193
2026-08-18 19:52:25,842 [MainThread  ] [DEBUG]  image: ./stanford_cars/cars_test/07462.jpg is a ['Chrysler PT Cruiser Convertible 2008'] with label 80
2026-08-18 19:52:25,893 [MainThread  ] [DEBUG]  image: ./stanford_cars/cars_test/04515.jpg is a ['Volvo XC90 SUV 2007'] with label 194
2026-08-18 19:52:25,904 [MainThread  ] [DEBUG]  image: ./stanford_cars/cars_test/00076.jpg is a ['AM General Hummer SUV 2000'] with label 0
2026-08-18 19:52:25,909 [MainThread  ] [DEBUG]  running forward and backward pass
2026-08-18 19:52:26,118 [MainThread  ] [DEBUG]  fraction of validation data processed: 6.153846
2026-08-18 19:52:26,118 [MainThread  ] [DEBUG]  batch running validation loss: 30.010913
2026-08-18 19:52:26,118 [MainThread  ] [DEBUG]  batch running validation accuracy: 2.000000
2026-08-18 19:52:26,118 [MainThread  ] [DEBUG]  image: ./stanford_cars/cars_test/04056.jpg is a ['Chevrolet Silverado 1500 Regular Cab 2012'] with label 74
2026-08-18 19:52:26,136 [MainThread  ] [DEBUG]  image: ./stanford_cars/cars_test/01958.jpg is a ['Rolls-Royce Phantom Drophead Coupe Convertible 2012'] with label 174
2026-08-18 19:52:26,146 [MainThread  ] [DEBUG]  image: ./stanford_cars/cars_test/05731.jpg is a ['Chrysler Town and Country Minivan 2012'] with label 77
2026-08-18 19:52:26,157 [MainThread  ] [DEBUG]  image: ./stanford_cars/cars_test/06817.jpg is a ['Toyota Camry Sedan 2012'] with label 186
2026-08-18 19:52:26,166 [MainThread  ] [DEBUG]  image: ./stanford_cars/cars_test/04441.jpg is a ['Bentley Continental Flying Spur Sedan 2007'] with label 43
2026-08-18 19:52:26,174 [MainThread  ] [DEBUG]  image: ./stanford_cars/cars_test/01339.jpg is a ['Chevrolet Malibu Sedan 2007'] with label 72
2026-08-18 19:52:26,180 [MainThread  ] [DEBUG]  image: ./stanford_cars/cars_test/05453.jpg is a ['Lincoln Town Car Sedan 2011'] with label 155
2026-08-18 19:52:26,182 [MainThread  ] [DEBUG]  image: ./stanford_cars/cars_test/07830.jpg is a ['Mercedes-Benz SL-Class Coupe 2009'] with label 162
2026-08-18 19:52:26,219 [MainThread  ] [DEBUG]  running forward and backward pass
2026-08-18 19:52:26,431 [MainThread  ] [DEBUG]  fraction of validation data processed: 7.692308
2026-08-18 19:52:26,431 [MainThread  ] [DEBUG]  batch running validation loss: 36.413023
2026-08-18 19:52:26,431 [MainThread  ] [DEBUG]  batch running validation accuracy: 2.000000
2026-08-18 19:52:26,431 [MainThread  ] [DEBUG]  image: ./stanford_cars/cars_test/01831.jpg is a ['Audi TT RS Coupe 2012'] with label 24
2026-08-18 19:52:26,437 [MainThread  ] [DEBUG]  image: ./stanford_cars/cars_test/05356.jpg is a ['Audi R8 Coupe 2012'] with label 14
2026-08-18 19:52:26,441 [MainThread  ] [DEBUG]  image: ./stanford_cars/cars_test/07835.jpg is a ['MINI Cooper Roadster Convertible 2012'] with label 156
2026-08-18 19:52:26,445 [MainThread  ] [DEBUG]  image: ./stanford_cars/cars_test/03828.jpg is a ['Dodge Caliber Wagon 2007'] with label 83
2026-08-18 19:52:26,454 [MainThread  ] [DEBUG]  image: ./stanford_cars/cars_test/00696.jpg is a ['Chevrolet Avalanche Crew Cab 2012'] with label 64
2026-08-18 19:52:26,458 [MainThread  ] [DEBUG]  image: ./stanford_cars/cars_test/05847.jpg is a ['Geo Metro Convertible 1993'] with label 122
2026-08-18 19:52:26,462 [MainThread  ] [DEBUG]  image: ./stanford_cars/cars_test/00263.jpg is a ['Mercedes-Benz 300-Class Convertible 1993'] with label 160
2026-08-18 19:52:26,466 [MainThread  ] [DEBUG]  image: ./stanford_cars/cars_test/00665.jpg is a ['Dodge Caliber Wagon 2007'] with label 83
2026-08-18 19:52:26,475 [MainThread  ] [DEBUG]  running forward and backward pass
2026-08-18 19:52:26,675 [MainThread  ] [DEBUG]  fraction of validation data processed: 9.230769
2026-08-18 19:52:26,675 [MainThread  ] [DEBUG]  batch running validation loss: 42.704367
2026-08-18 19:52:26,675 [MainThread  ] [DEBUG]  batch running validation accuracy: 2.000000
2026-08-18 19:52:26,675 [MainThread  ] [DEBUG]  image: ./stanford_cars/cars_test/03149.jpg is a ['Ford F-450 Super Duty Crew Cab 2012'] with label 105
2026-08-18 19:52:26,682 [MainThread  ] [DEBUG]  image: ./stanford_cars/cars_test/00077.jpg is a ['Jeep Patriot SUV 2012'] with label 144
2026-08-18 19:52:26,697 [MainThread  ] [DEBUG]  image: ./stanford_cars/cars_test/01756.jpg is a ['Nissan 240SX Coupe 1998'] with label 170
2026-08-18 19:52:26,720 [MainThread  ] [DEBUG]  image: ./stanford_cars/cars_test/06302.jpg is a ['Audi S4 Sedan 2012'] with label 22
2026-08-18 19:52:26,724 [MainThread  ] [DEBUG]  image: ./stanford_cars/cars_test/00098.jpg is a ['Ford F-150 Regular Cab 2012'] with label 112
2026-08-18 19:52:26,733 [MainThread  ] [DEBUG]  image: ./stanford_cars/cars_test/05404.jpg is a ['Aston Martin Virage Convertible 2012'] with label 9
2026-08-18 19:52:26,741 [MainThread  ] [DEBUG]  image: ./stanford_cars/cars_test/05270.jpg is a ['Ford Focus Sedan 2007'] with label 114
2026-08-18 19:52:26,748 [MainThread  ] [DEBUG]  image: ./stanford_cars/cars_test/04946.jpg is a ['Mercedes-Benz C-Class Sedan 2012'] with label 161
2026-08-18 19:52:26,753 [MainThread  ] [DEBUG]  running forward and backward pass
2026-08-18 19:52:26,963 [MainThread  ] [DEBUG]  fraction of validation data processed: 10.769231
2026-08-18 19:52:26,963 [MainThread  ] [DEBUG]  batch running validation loss: 48.634095
2026-08-18 19:52:26,963 [MainThread  ] [DEBUG]  batch running validation accuracy: 2.000000
2026-08-18 19:52:26,963 [MainThread  ] [DEBUG]  image: ./stanford_cars/cars_test/03333.jpg is a ['Chevrolet Impala Sedan 2007'] with label 60
2026-08-18 19:52:26,975 [MainThread  ] [DEBUG]  image: ./stanford_cars/cars_test/00844.jpg is a ['Scion xD Hatchback 2012'] with label 177
2026-08-18 19:52:26,984 [MainThread  ] [DEBUG]  image: ./stanford_cars/cars_test/07028.jpg is a ['Hyundai Elantra Touring Hatchback 2012'] with label 138
2026-08-18 19:52:26,993 [MainThread  ] [DEBUG]  image: ./stanford_cars/cars_test/01960.jpg is a ['BMW ActiveHybrid 5 Sedan 2012'] with label 25
2026-08-18 19:52:27,000 [MainThread  ] [DEBUG]  image: ./stanford_cars/cars_test/00110.jpg is a ['Audi S6 Sedan 2011'] with label 19
2026-08-18 19:52:27,012 [MainThread  ] [DEBUG]  image: ./stanford_cars/cars_test/00752.jpg is a ['Hyundai Tucson SUV 2012'] with label 131
2026-08-18 19:52:27,044 [MainThread  ] [DEBUG]  image: ./stanford_cars/cars_test/00183.jpg is a ['Acura RL Sedan 2012'] with label 1
2026-08-18 19:52:27,051 [MainThread  ] [DEBUG]  image: ./stanford_cars/cars_test/02409.jpg is a ['Dodge Dakota Club Cab 2007'] with label 90
2026-08-18 19:52:27,065 [MainThread  ] [DEBUG]  running forward and backward pass
2026-08-18 19:52:27,265 [MainThread  ] [DEBUG]  fraction of validation data processed: 12.307692
2026-08-18 19:52:27,265 [MainThread  ] [DEBUG]  batch running validation loss: 54.707821
2026-08-18 19:52:27,265 [MainThread  ] [DEBUG]  batch running validation accuracy: 2.000000
2026-08-18 19:52:27,265 [MainThread  ] [DEBUG]  image: ./stanford_cars/cars_test/02562.jpg is a ['Ford Mustang Convertible 2007'] with label 106
2026-08-18 19:52:27,275 [MainThread  ] [DEBUG]  image: ./stanford_cars/cars_test/07557.jpg is a ['Mitsubishi Lancer Sedan 2012'] with label 166
2026-08-18 19:52:27,295 [MainThread  ] [DEBUG]  image: ./stanford_cars/cars_test/02857.jpg is a ['Buick Enclave SUV 2012'] with label 49
2026-08-18 19:52:27,308 [MainThread  ] [DEBUG]  image: ./stanford_cars/cars_test/05585.jpg is a ['Toyota 4Runner SUV 2012'] with label 188
2026-08-18 19:52:27,322 [MainThread  ] [DEBUG]  image: ./stanford_cars/cars_test/07496.jpg is a ['Ford Focus Sedan 2007'] with label 114
2026-08-18 19:52:27,345 [MainThread  ] [DEBUG]  image: ./stanford_cars/cars_test/04128.jpg is a ['Bentley Mulsanne Sedan 2011'] with label 40
2026-08-18 19:52:27,372 [MainThread  ] [DEBUG]  image: ./stanford_cars/cars_test/07513.jpg is a ['Mercedes-Benz C-Class Sedan 2012'] with label 161
2026-08-18 19:52:27,381 [MainThread  ] [DEBUG]  image: ./stanford_cars/cars_test/02045.jpg is a ['GMC Yukon Hybrid SUV 2012'] with label 119
2026-08-18 19:52:27,392 [MainThread  ] [DEBUG]  running forward and backward pass
2026-08-18 19:52:27,584 [MainThread  ] [DEBUG]  fraction of validation data processed: 13.846154
2026-08-18 19:52:27,584 [MainThread  ] [DEBUG]  batch running validation loss: 61.626002
2026-08-18 19:52:27,584 [MainThread  ] [DEBUG]  batch running validation accuracy: 2.000000
2026-08-18 19:52:27,584 [MainThread  ] [DEBUG]  image: ./stanford_cars/cars_test/04267.jpg is a ['Aston Martin V8 Vantage Coupe 2012'] with label 8
2026-08-18 19:52:27,604 [MainThread  ] [DEBUG]  image: ./stanford_cars/cars_test/02312.jpg is a ['Dodge Challenger SRT8 2011'] with label 92
2026-08-18 19:52:27,612 [MainThread  ] [DEBUG]  image: ./stanford_cars/cars_test/06036.jpg is a ['Dodge Caliber Wagon 2007'] with label 83
2026-08-18 19:52:27,619 [MainThread  ] [DEBUG]  image: ./stanford_cars/cars_test/00040.jpg is a ['Mercedes-Benz Sprinter Van 2012'] with label 165
2026-08-18 19:52:27,634 [MainThread  ] [DEBUG]  image: ./stanford_cars/cars_test/07800.jpg is a ['Aston Martin V8 Vantage Convertible 2012'] with label 7
2026-08-18 19:52:27,638 [MainThread  ] [DEBUG]  image: ./stanford_cars/cars_test/03282.jpg is a ['FIAT 500 Abarth 2012'] with label 98
2026-08-18 19:52:27,694 [MainThread  ] [DEBUG]  image: ./stanford_cars/cars_test/00195.jpg is a ['Audi S6 Sedan 2011'] with label 19
2026-08-18 19:52:27,702 [MainThread  ] [DEBUG]  image: ./stanford_cars/cars_test/03501.jpg is a ['Hyundai Elantra Sedan 2007'] with label 134
2026-08-18 19:52:27,710 [MainThread  ] [DEBUG]  running forward and backward pass
2026-08-18 19:52:27,912 [MainThread  ] [DEBUG]  fraction of validation data processed: 15.384615
2026-08-18 19:52:27,913 [MainThread  ] [DEBUG]  batch running validation loss: 68.946253
2026-08-18 19:52:27,913 [MainThread  ] [DEBUG]  batch running validation accuracy: 2.000000
2026-08-18 19:52:27,913 [MainThread  ] [DEBUG]  image: ./stanford_cars/cars_test/02446.jpg is a ['Dodge Durango SUV 2012'] with label 93
2026-08-18 19:52:27,923 [MainThread  ] [DEBUG]  image: ./stanford_cars/cars_test/04082.jpg is a ['Audi S5 Convertible 2012'] with label 20
2026-08-18 19:52:27,948 [MainThread  ] [DEBUG]  image: ./stanford_cars/cars_test/01700.jpg is a ['Chevrolet Silverado 1500 Classic Extended Cab 2007'] with label 69
2026-08-18 19:52:27,953 [MainThread  ] [DEBUG]  image: ./stanford_cars/cars_test/01057.jpg is a ['Dodge Caravan Minivan 1997'] with label 84
2026-08-18 19:52:27,959 [MainThread  ] [DEBUG]  image: ./stanford_cars/cars_test/01099.jpg is a ['Audi 100 Wagon 1994'] with label 17
2026-08-18 19:52:27,962 [MainThread  ] [DEBUG]  image: ./stanford_cars/cars_test/05309.jpg is a ['Lamborghini Aventador Coupe 2012'] with label 150
2026-08-18 19:52:27,974 [MainThread  ] [DEBUG]  image: ./stanford_cars/cars_test/04141.jpg is a ['Buick Rainier SUV 2007'] with label 47
2026-08-18 19:52:27,978 [MainThread  ] [DEBUG]  image: ./stanford_cars/cars_test/03798.jpg is a ['Mazda Tribute SUV 2011'] with label 158
2026-08-18 19:52:27,986 [MainThread  ] [DEBUG]  running forward and backward pass
2026-08-18 19:52:28,192 [MainThread  ] [DEBUG]  fraction of validation data processed: 16.923077
2026-08-18 19:52:28,193 [MainThread  ] [DEBUG]  batch running validation loss: 75.438727
2026-08-18 19:52:28,193 [MainThread  ] [DEBUG]  batch running validation accuracy: 2.000000
2026-08-18 19:52:28,193 [MainThread  ] [DEBUG]  image: ./stanford_cars/cars_test/07369.jpg is a ['Acura TL Type-S 2008'] with label 3
2026-08-18 19:52:28,203 [MainThread  ] [DEBUG]  image: ./stanford_cars/cars_test/02966.jpg is a ['Volkswagen Golf Hatchback 1991'] with label 190
2026-08-18 19:52:28,224 [MainThread  ] [DEBUG]  image: ./stanford_cars/cars_test/01718.jpg is a ['Suzuki SX4 Hatchback 2012'] with label 182
2026-08-18 19:52:28,234 [MainThread  ] [DEBUG]  image: ./stanford_cars/cars_test/01710.jpg is a ['Ford F-150 Regular Cab 2012'] with label 112
2026-08-18 19:52:28,237 [MainThread  ] [DEBUG]  image: ./stanford_cars/cars_test/07018.jpg is a ['Ferrari 458 Italia Coupe 2012'] with label 103
2026-08-18 19:52:28,245 [MainThread  ] [DEBUG]  image: ./stanford_cars/cars_test/07610.jpg is a ['Mercedes-Benz S-Class Sedan 2012'] with label 164
2026-08-18 19:52:28,257 [MainThread  ] [DEBUG]  image: ./stanford_cars/cars_test/03366.jpg is a ['GMC Acadia SUV 2012'] with label 120
2026-08-18 19:52:28,262 [MainThread  ] [DEBUG]  image: ./stanford_cars/cars_test/01791.jpg is a ['Scion xD Hatchback 2012'] with label 177
2026-08-18 19:52:28,270 [MainThread  ] [DEBUG]  running forward and backward pass
2026-08-18 19:52:28,484 [MainThread  ] [DEBUG]  fraction of validation data processed: 18.461538
2026-08-18 19:52:28,484 [MainThread  ] [DEBUG]  batch running validation loss: 81.325734
2026-08-18 19:52:28,484 [MainThread  ] [DEBUG]  batch running validation accuracy: 2.000000
2026-08-18 19:52:28,484 [MainThread  ] [DEBUG]  image: ./stanford_cars/cars_test/02095.jpg is a ['Dodge Charger Sedan 2012'] with label 95
2026-08-18 19:52:28,499 [MainThread  ] [DEBUG]  image: ./stanford_cars/cars_test/01529.jpg is a ['Buick Verano Sedan 2012'] with label 48
2026-08-18 19:52:28,507 [MainThread  ] [DEBUG]  image: ./stanford_cars/cars_test/06143.jpg is a ['Hyundai Accent Sedan 2012'] with label 135
2026-08-18 19:52:28,515 [MainThread  ] [DEBUG]  image: ./stanford_cars/cars_test/00731.jpg is a ['Spyker C8 Convertible 2009'] with label 178
2026-08-18 19:52:28,525 [MainThread  ] [DEBUG]  image: ./stanford_cars/cars_test/00662.jpg is a ['Chevrolet Impala Sedan 2007'] with label 60
2026-08-18 19:52:28,533 [MainThread  ] [DEBUG]  image: ./stanford_cars/cars_test/00422.jpg is a ['Hyundai Sonata Sedan 2012'] with label 137
2026-08-18 19:52:28,545 [MainThread  ] [DEBUG]  image: ./stanford_cars/cars_test/01425.jpg is a ['BMW 6 Series Convertible 2007'] with label 30
2026-08-18 19:52:28,560 [MainThread  ] [DEBUG]  image: ./stanford_cars/cars_test/05383.jpg is a ['Acura Integra Type R 2001'] with label 5
2026-08-18 19:52:28,674 [MainThread  ] [DEBUG]  running forward and backward pass
2026-08-18 19:52:28,908 [MainThread  ] [DEBUG]  fraction of validation data processed: 20.000000
2026-08-18 19:52:28,908 [MainThread  ] [DEBUG]  batch running validation loss: 87.632112
2026-08-18 19:52:28,908 [MainThread  ] [DEBUG]  batch running validation accuracy: 2.000000
2026-08-18 19:52:28,909 [MainThread  ] [DEBUG]  image: ./stanford_cars/cars_test/06350.jpg is a ['Dodge Caravan Minivan 1997'] with label 84
2026-08-18 19:52:28,917 [MainThread  ] [DEBUG]  image: ./stanford_cars/cars_test/07712.jpg is a ['Chevrolet Silverado 1500 Extended Cab 2012'] with label 73
2026-08-18 19:52:28,923 [MainThread  ] [DEBUG]  image: ./stanford_cars/cars_test/05108.jpg is a ['BMW X3 SUV 2012'] with label 36
2026-08-18 19:52:28,946 [MainThread  ] [DEBUG]  image: ./stanford_cars/cars_test/04418.jpg is a ['Chevrolet Camaro Convertible 2012'] with label 58
2026-08-18 19:52:28,963 [MainThread  ] [DEBUG]  image: ./stanford_cars/cars_test/01581.jpg is a ['Cadillac SRX SUV 2012'] with label 51
2026-08-18 19:52:28,976 [MainThread  ] [DEBUG]  image: ./stanford_cars/cars_test/03094.jpg is a ['AM General Hummer SUV 2000'] with label 0
2026-08-18 19:52:28,985 [MainThread  ] [DEBUG]  image: ./stanford_cars/cars_test/00092.jpg is a ['Jeep Wrangler SUV 2012'] with label 145
2026-08-18 19:52:28,995 [MainThread  ] [DEBUG]  image: ./stanford_cars/cars_test/05520.jpg is a ['Dodge Caliber Wagon 2012'] with label 82
2026-08-18 19:52:29,012 [MainThread  ] [DEBUG]  running forward and backward pass
2026-08-18 19:52:29,241 [MainThread  ] [DEBUG]  fraction of validation data processed: 21.538462
2026-08-18 19:52:29,241 [MainThread  ] [DEBUG]  batch running validation loss: 92.913198
2026-08-18 19:52:29,241 [MainThread  ] [DEBUG]  batch running validation accuracy: 3.000000
2026-08-18 19:52:29,241 [MainThread  ] [DEBUG]  image: ./stanford_cars/cars_test/06962.jpg is a ['Nissan Juke Hatchback 2012'] with label 169
2026-08-18 19:52:29,265 [MainThread  ] [DEBUG]  image: ./stanford_cars/cars_test/04237.jpg is a ['Chevrolet Cobalt SS 2010'] with label 65
2026-08-18 19:52:29,300 [MainThread  ] [DEBUG]  image: ./stanford_cars/cars_test/01097.jpg is a ['Maybach Landaulet Convertible 2012'] with label 157
2026-08-18 19:52:29,327 [MainThread  ] [DEBUG]  image: ./stanford_cars/cars_test/05557.jpg is a ['Volvo XC90 SUV 2007'] with label 194
2026-08-18 19:52:29,330 [MainThread  ] [DEBUG]  image: ./stanford_cars/cars_test/06240.jpg is a ['Acura TL Type-S 2008'] with label 3
2026-08-18 19:52:29,348 [MainThread  ] [DEBUG]  image: ./stanford_cars/cars_test/06884.jpg is a ['BMW X5 SUV 2007'] with label 31
2026-08-18 19:52:29,355 [MainThread  ] [DEBUG]  image: ./stanford_cars/cars_test/02240.jpg is a ['Mercedes-Benz SL-Class Coupe 2009'] with label 162
2026-08-18 19:52:29,416 [MainThread  ] [DEBUG]  image: ./stanford_cars/cars_test/07853.jpg is a ['Audi RS 4 Convertible 2008'] with label 11
2026-08-18 19:52:29,440 [MainThread  ] [DEBUG]  running forward and backward pass
2026-08-18 19:52:29,646 [MainThread  ] [DEBUG]  fraction of validation data processed: 23.076923
2026-08-18 19:52:29,646 [MainThread  ] [DEBUG]  batch running validation loss: 99.674458
2026-08-18 19:52:29,646 [MainThread  ] [DEBUG]  batch running validation accuracy: 3.000000
2026-08-18 19:52:29,646 [MainThread  ] [DEBUG]  image: ./stanford_cars/cars_test/02961.jpg is a ['BMW 3 Series Sedan 2012'] with label 28
2026-08-18 19:52:29,654 [MainThread  ] [DEBUG]  image: ./stanford_cars/cars_test/07902.jpg is a ['Audi V8 Sedan 1994'] with label 15
2026-08-18 19:52:29,673 [MainThread  ] [DEBUG]  image: ./stanford_cars/cars_test/01857.jpg is a ['Jeep Wrangler SUV 2012'] with label 145
2026-08-18 19:52:29,682 [MainThread  ] [DEBUG]  image: ./stanford_cars/cars_test/02512.jpg is a ['Suzuki Kizashi Sedan 2012'] with label 181
2026-08-18 19:52:29,693 [MainThread  ] [DEBUG]  image: ./stanford_cars/cars_test/01613.jpg is a ['Chevrolet Monte Carlo Coupe 2007'] with label 71
2026-08-18 19:52:29,699 [MainThread  ] [DEBUG]  image: ./stanford_cars/cars_test/00177.jpg is a ['Lincoln Town Car Sedan 2011'] with label 155
2026-08-18 19:52:29,703 [MainThread  ] [DEBUG]  image: ./stanford_cars/cars_test/00838.jpg is a ['Mercedes-Benz S-Class Sedan 2012'] with label 164
2026-08-18 19:52:29,712 [MainThread  ] [DEBUG]  image: ./stanford_cars/cars_test/03083.jpg is a ['McLaren MP4-12C Coupe 2012'] with label 159
2026-08-18 19:52:29,722 [MainThread  ] [DEBUG]  running forward and backward pass
2026-08-18 19:52:29,925 [MainThread  ] [DEBUG]  fraction of validation data processed: 24.615385
2026-08-18 19:52:29,925 [MainThread  ] [DEBUG]  batch running validation loss: 105.408247
2026-08-18 19:52:29,925 [MainThread  ] [DEBUG]  batch running validation accuracy: 3.000000
2026-08-18 19:52:29,925 [MainThread  ] [DEBUG]  image: ./stanford_cars/cars_test/06855.jpg is a ['Bentley Arnage Sedan 2009'] with label 39
2026-08-18 19:52:29,935 [MainThread  ] [DEBUG]  image: ./stanford_cars/cars_test/03820.jpg is a ['Jaguar XK XKR 2012'] with label 143
2026-08-18 19:52:29,948 [MainThread  ] [DEBUG]  image: ./stanford_cars/cars_test/07486.jpg is a ['Chevrolet TrailBlazer SS 2009'] with label 67
2026-08-18 19:52:29,962 [MainThread  ] [DEBUG]  image: ./stanford_cars/cars_test/02424.jpg is a ['BMW M5 Sedan 2010'] with label 34
2026-08-18 19:52:29,969 [MainThread  ] [DEBUG]  image: ./stanford_cars/cars_test/01836.jpg is a ['Lamborghini Reventon Coupe 2008'] with label 149
2026-08-18 19:52:29,976 [MainThread  ] [DEBUG]  image: ./stanford_cars/cars_test/04859.jpg is a ['Mercedes-Benz C-Class Sedan 2012'] with label 161
2026-08-18 19:52:29,980 [MainThread  ] [DEBUG]  image: ./stanford_cars/cars_test/06178.jpg is a ['Dodge Ram Pickup 3500 Quad Cab 2009'] with label 86
2026-08-18 19:52:29,988 [MainThread  ] [DEBUG]  image: ./stanford_cars/cars_test/02331.jpg is a ['Nissan Leaf Hatchback 2012'] with label 167
2026-08-18 19:52:30,016 [MainThread  ] [DEBUG]  running forward and backward pass
2026-08-18 19:52:30,223 [MainThread  ] [DEBUG]  fraction of validation data processed: 26.153846
2026-08-18 19:52:30,224 [MainThread  ] [DEBUG]  batch running validation loss: 110.975649
2026-08-18 19:52:30,224 [MainThread  ] [DEBUG]  batch running validation accuracy: 4.000000
2026-08-18 19:52:30,224 [MainThread  ] [DEBUG]  image: ./stanford_cars/cars_test/04247.jpg is a ['Plymouth Neon Coupe 1999'] with label 171
2026-08-18 19:52:30,242 [MainThread  ] [DEBUG]  image: ./stanford_cars/cars_test/06482.jpg is a ['Nissan Juke Hatchback 2012'] with label 169
2026-08-18 19:52:30,271 [MainThread  ] [DEBUG]  image: ./stanford_cars/cars_test/07678.jpg is a ['Daewoo Nubira Wagon 2002'] with label 81
2026-08-18 19:52:30,279 [MainThread  ] [DEBUG]  image: ./stanford_cars/cars_test/00016.jpg is a ['Cadillac CTS-V Sedan 2012'] with label 50
2026-08-18 19:52:30,285 [MainThread  ] [DEBUG]  image: ./stanford_cars/cars_test/02754.jpg is a ['Chrysler Sebring Convertible 2010'] with label 76
2026-08-18 19:52:30,300 [MainThread  ] [DEBUG]  image: ./stanford_cars/cars_test/01535.jpg is a ['Hyundai Elantra Sedan 2007'] with label 134
2026-08-18 19:52:30,307 [MainThread  ] [DEBUG]  image: ./stanford_cars/cars_test/06324.jpg is a ['BMW 6 Series Convertible 2007'] with label 30
2026-08-18 19:52:30,316 [MainThread  ] [DEBUG]  image: ./stanford_cars/cars_test/04460.jpg is a ['Audi S4 Sedan 2012'] with label 22
2026-08-18 19:52:30,327 [MainThread  ] [DEBUG]  running forward and backward pass
2026-08-18 19:52:30,535 [MainThread  ] [DEBUG]  fraction of validation data processed: 27.692308
2026-08-18 19:52:30,535 [MainThread  ] [DEBUG]  batch running validation loss: 116.883520
2026-08-18 19:52:30,535 [MainThread  ] [DEBUG]  batch running validation accuracy: 4.000000
2026-08-18 19:52:30,535 [MainThread  ] [DEBUG]  image: ./stanford_cars/cars_test/05476.jpg is a ['BMW X6 SUV 2012'] with label 32
2026-08-18 19:52:30,539 [MainThread  ] [DEBUG]  image: ./stanford_cars/cars_test/00725.jpg is a ['MINI Cooper Roadster Convertible 2012'] with label 156
2026-08-18 19:52:30,543 [MainThread  ] [DEBUG]  image: ./stanford_cars/cars_test/06147.jpg is a ['Ferrari FF Coupe 2012'] with label 100
2026-08-18 19:52:30,593 [MainThread  ] [DEBUG]  image: ./stanford_cars/cars_test/02765.jpg is a ['Chevrolet Camaro Convertible 2012'] with label 58
2026-08-18 19:52:30,598 [MainThread  ] [DEBUG]  image: ./stanford_cars/cars_test/02843.jpg is a ['FIAT 500 Convertible 2012'] with label 99
2026-08-18 19:52:30,609 [MainThread  ] [DEBUG]  image: ./stanford_cars/cars_test/08002.jpg is a ['Dodge Dakota Crew Cab 2010'] with label 89
2026-08-18 19:52:30,622 [MainThread  ] [DEBUG]  image: ./stanford_cars/cars_test/04684.jpg is a ['Jeep Liberty SUV 2012'] with label 146
2026-08-18 19:52:30,814 [MainThread  ] [DEBUG]  image: ./stanford_cars/cars_test/02723.jpg is a ['McLaren MP4-12C Coupe 2012'] with label 159
2026-08-18 19:52:30,827 [MainThread  ] [DEBUG]  running forward and backward pass
2026-08-18 19:52:31,027 [MainThread  ] [DEBUG]  fraction of validation data processed: 29.230769
2026-08-18 19:52:31,027 [MainThread  ] [DEBUG]  batch running validation loss: 122.779391
2026-08-18 19:52:31,027 [MainThread  ] [DEBUG]  batch running validation accuracy: 4.000000
2026-08-18 19:52:31,027 [MainThread  ] [DEBUG]  image: ./stanford_cars/cars_test/02993.jpg is a ['BMW X6 SUV 2012'] with label 32
2026-08-18 19:52:31,033 [MainThread  ] [DEBUG]  image: ./stanford_cars/cars_test/03502.jpg is a ['Bugatti Veyron 16.4 Coupe 2009'] with label 45
2026-08-18 19:52:31,036 [MainThread  ] [DEBUG]  image: ./stanford_cars/cars_test/01423.jpg is a ['BMW 1 Series Coupe 2012'] with label 27
2026-08-18 19:52:31,039 [MainThread  ] [DEBUG]  image: ./stanford_cars/cars_test/05257.jpg is a ['Chevrolet Malibu Sedan 2007'] with label 72
2026-08-18 19:52:31,055 [MainThread  ] [DEBUG]  image: ./stanford_cars/cars_test/05130.jpg is a ['Land Rover LR2 SUV 2012'] with label 154
2026-08-18 19:52:31,064 [MainThread  ] [DEBUG]  image: ./stanford_cars/cars_test/00609.jpg is a ['Bentley Continental GT Coupe 2012'] with label 41
2026-08-18 19:52:31,068 [MainThread  ] [DEBUG]  image: ./stanford_cars/cars_test/07671.jpg is a ['GMC Yukon Hybrid SUV 2012'] with label 119
2026-08-18 19:52:31,081 [MainThread  ] [DEBUG]  image: ./stanford_cars/cars_test/02070.jpg is a ['Dodge Charger Sedan 2012'] with label 95
2026-08-18 19:52:31,096 [MainThread  ] [DEBUG]  running forward and backward pass
2026-08-18 19:52:31,305 [MainThread  ] [DEBUG]  fraction of validation data processed: 30.769231
2026-08-18 19:52:31,305 [MainThread  ] [DEBUG]  batch running validation loss: 127.781221
2026-08-18 19:52:31,305 [MainThread  ] [DEBUG]  batch running validation accuracy: 4.000000
2026-08-18 19:52:31,306 [MainThread  ] [DEBUG]  image: ./stanford_cars/cars_test/05914.jpg is a ['Dodge Journey SUV 2012'] with label 88
2026-08-18 19:52:31,331 [MainThread  ] [DEBUG]  image: ./stanford_cars/cars_test/00396.jpg is a ['Ford Freestar Minivan 2007'] with label 107
2026-08-18 19:52:31,342 [MainThread  ] [DEBUG]  image: ./stanford_cars/cars_test/03635.jpg is a ['Ram C/V Cargo Van Minivan 2012'] with label 173
2026-08-18 19:52:31,346 [MainThread  ] [DEBUG]  image: ./stanford_cars/cars_test/02847.jpg is a ['Chevrolet Malibu Sedan 2007'] with label 72
2026-08-18 19:52:31,352 [MainThread  ] [DEBUG]  image: ./stanford_cars/cars_test/01634.jpg is a ['GMC Acadia SUV 2012'] with label 120
2026-08-18 19:52:31,357 [MainThread  ] [DEBUG]  image: ./stanford_cars/cars_test/05457.jpg is a ['Buick Enclave SUV 2012'] with label 49
2026-08-18 19:52:31,366 [MainThread  ] [DEBUG]  image: ./stanford_cars/cars_test/00702.jpg is a ['Volvo C30 Hatchback 2012'] with label 192
2026-08-18 19:52:31,372 [MainThread  ] [DEBUG]  image: ./stanford_cars/cars_test/07637.jpg is a ['Hyundai Azera Sedan 2012'] with label 139
2026-08-18 19:52:31,386 [MainThread  ] [DEBUG]  running forward and backward pass
2026-08-18 19:52:31,592 [MainThread  ] [DEBUG]  fraction of validation data processed: 32.307692
2026-08-18 19:52:31,592 [MainThread  ] [DEBUG]  batch running validation loss: 133.421286
2026-08-18 19:52:31,592 [MainThread  ] [DEBUG]  batch running validation accuracy: 5.000000
2026-08-18 19:52:31,592 [MainThread  ] [DEBUG]  image: ./stanford_cars/cars_test/06220.jpg is a ['Volvo 240 Sedan 1993'] with label 193
2026-08-18 19:52:31,603 [MainThread  ] [DEBUG]  image: ./stanford_cars/cars_test/07195.jpg is a ['Honda Accord Sedan 2012'] with label 128
2026-08-18 19:52:31,612 [MainThread  ] [DEBUG]  image: ./stanford_cars/cars_test/04564.jpg is a ['Nissan NV Passenger Van 2012'] with label 168
2026-08-18 19:52:31,630 [MainThread  ] [DEBUG]  image: ./stanford_cars/cars_test/05456.jpg is a ['BMW Z4 Convertible 2012'] with label 37
2026-08-18 19:52:31,641 [MainThread  ] [DEBUG]  image: ./stanford_cars/cars_test/05427.jpg is a ['Hyundai Accent Sedan 2012'] with label 135
2026-08-18 19:52:31,652 [MainThread  ] [DEBUG]  image: ./stanford_cars/cars_test/02112.jpg is a ['Bentley Continental GT Coupe 2007'] with label 42
2026-08-18 19:52:31,659 [MainThread  ] [DEBUG]  image: ./stanford_cars/cars_test/02918.jpg is a ['Dodge Charger SRT-8 2009'] with label 96
2026-08-18 19:52:31,677 [MainThread  ] [DEBUG]  image: ./stanford_cars/cars_test/00071.jpg is a ['Chrysler Aspen SUV 2009'] with label 75
2026-08-18 19:52:31,682 [MainThread  ] [DEBUG]  running forward and backward pass
2026-08-18 19:52:31,890 [MainThread  ] [DEBUG]  fraction of validation data processed: 33.846154
2026-08-18 19:52:31,890 [MainThread  ] [DEBUG]  batch running validation loss: 138.991466
2026-08-18 19:52:31,891 [MainThread  ] [DEBUG]  batch running validation accuracy: 5.000000
2026-08-18 19:52:31,891 [MainThread  ] [DEBUG]  image: ./stanford_cars/cars_test/02044.jpg is a ['Nissan Leaf Hatchback 2012'] with label 167
2026-08-18 19:52:31,904 [MainThread  ] [DEBUG]  image: ./stanford_cars/cars_test/01560.jpg is a ['Ford Mustang Convertible 2007'] with label 106
2026-08-18 19:52:31,915 [MainThread  ] [DEBUG]  image: ./stanford_cars/cars_test/00517.jpg is a ['HUMMER H2 SUT Crew Cab 2009'] with label 124
2026-08-18 19:52:31,918 [MainThread  ] [DEBUG]  image: ./stanford_cars/cars_test/00658.jpg is a ['Spyker C8 Coupe 2009'] with label 179
2026-08-18 19:52:31,925 [MainThread  ] [DEBUG]  image: ./stanford_cars/cars_test/06892.jpg is a ['Volkswagen Golf Hatchback 2012'] with label 189
2026-08-18 19:52:31,928 [MainThread  ] [DEBUG]  image: ./stanford_cars/cars_test/01225.jpg is a ['BMW 3 Series Wagon 2012'] with label 29
2026-08-18 19:52:31,943 [MainThread  ] [DEBUG]  image: ./stanford_cars/cars_test/07479.jpg is a ['Rolls-Royce Ghost Sedan 2012'] with label 175
2026-08-18 19:52:31,950 [MainThread  ] [DEBUG]  image: ./stanford_cars/cars_test/07262.jpg is a ['Hyundai Azera Sedan 2012'] with label 139
2026-08-18 19:52:31,967 [MainThread  ] [DEBUG]  running forward and backward pass
2026-08-18 19:52:32,279 [MainThread  ] [DEBUG]  fraction of validation data processed: 35.384615
2026-08-18 19:52:32,280 [MainThread  ] [DEBUG]  batch running validation loss: 144.617216
2026-08-18 19:52:32,280 [MainThread  ] [DEBUG]  batch running validation accuracy: 5.000000
2026-08-18 19:52:32,280 [MainThread  ] [DEBUG]  image: ./stanford_cars/cars_test/05739.jpg is a ['Jaguar XK XKR 2012'] with label 143
2026-08-18 19:52:32,306 [MainThread  ] [DEBUG]  image: ./stanford_cars/cars_test/03774.jpg is a ['Dodge Magnum Wagon 2008'] with label 91
2026-08-18 19:52:32,309 [MainThread  ] [DEBUG]  image: ./stanford_cars/cars_test/02097.jpg is a ['Chevrolet Corvette Convertible 2012'] with label 54
2026-08-18 19:52:32,319 [MainThread  ] [DEBUG]  image: ./stanford_cars/cars_test/01196.jpg is a ['Dodge Charger Sedan 2012'] with label 95
2026-08-18 19:52:32,326 [MainThread  ] [DEBUG]  image: ./stanford_cars/cars_test/04109.jpg is a ['Hyundai Tucson SUV 2012'] with label 131
2026-08-18 19:52:32,336 [MainThread  ] [DEBUG]  image: ./stanford_cars/cars_test/01768.jpg is a ['Audi TTS Coupe 2012'] with label 13
2026-08-18 19:52:32,342 [MainThread  ] [DEBUG]  image: ./stanford_cars/cars_test/07485.jpg is a ['Honda Odyssey Minivan 2012'] with label 125
2026-08-18 19:52:32,622 [MainThread  ] [DEBUG]  image: ./stanford_cars/cars_test/06774.jpg is a ['Jeep Grand Cherokee SUV 2012'] with label 147
2026-08-18 19:52:32,642 [MainThread  ] [DEBUG]  running forward and backward pass
2026-08-18 19:52:32,836 [MainThread  ] [DEBUG]  fraction of validation data processed: 36.923077
2026-08-18 19:52:32,836 [MainThread  ] [DEBUG]  batch running validation loss: 151.538610
2026-08-18 19:52:32,836 [MainThread  ] [DEBUG]  batch running validation accuracy: 6.000000
2026-08-18 19:52:32,837 [MainThread  ] [DEBUG]  image: ./stanford_cars/cars_test/02796.jpg is a ['Spyker C8 Convertible 2009'] with label 178
2026-08-18 19:52:32,847 [MainThread  ] [DEBUG]  image: ./stanford_cars/cars_test/07212.jpg is a ['Ram C/V Cargo Van Minivan 2012'] with label 173
2026-08-18 19:52:32,857 [MainThread  ] [DEBUG]  image: ./stanford_cars/cars_test/06129.jpg is a ['Rolls-Royce Ghost Sedan 2012'] with label 175
2026-08-18 19:52:32,866 [MainThread  ] [DEBUG]  image: ./stanford_cars/cars_test/02901.jpg is a ['Audi S5 Convertible 2012'] with label 20
2026-08-18 19:52:32,871 [MainThread  ] [DEBUG]  image: ./stanford_cars/cars_test/03646.jpg is a ['Ford F-150 Regular Cab 2007'] with label 113
2026-08-18 19:52:32,882 [MainThread  ] [DEBUG]  image: ./stanford_cars/cars_test/00007.jpg is a ['GMC Terrain SUV 2012'] with label 117
2026-08-18 19:52:32,990 [MainThread  ] [DEBUG]  image: ./stanford_cars/cars_test/01002.jpg is a ['Acura Integra Type R 2001'] with label 5
2026-08-18 19:52:33,007 [MainThread  ] [DEBUG]  image: ./stanford_cars/cars_test/07753.jpg is a ['Toyota Corolla Sedan 2012'] with label 187
2026-08-18 19:52:33,022 [MainThread  ] [DEBUG]  running forward and backward pass
2026-08-18 19:52:33,244 [MainThread  ] [DEBUG]  fraction of validation data processed: 38.461538
2026-08-18 19:52:33,245 [MainThread  ] [DEBUG]  batch running validation loss: 157.407237
2026-08-18 19:52:33,245 [MainThread  ] [DEBUG]  batch running validation accuracy: 7.000000
2026-08-18 19:52:33,245 [MainThread  ] [DEBUG]  image: ./stanford_cars/cars_test/04862.jpg is a ['Ford Fiesta Sedan 2012'] with label 116
2026-08-18 19:52:33,256 [MainThread  ] [DEBUG]  image: ./stanford_cars/cars_test/03582.jpg is a ['Chevrolet Silverado 1500 Extended Cab 2012'] with label 73
2026-08-18 19:52:33,263 [MainThread  ] [DEBUG]  image: ./stanford_cars/cars_test/02208.jpg is a ['Chevrolet Traverse SUV 2012'] with label 57
2026-08-18 19:52:33,274 [MainThread  ] [DEBUG]  image: ./stanford_cars/cars_test/01297.jpg is a ['BMW 1 Series Coupe 2012'] with label 27
2026-08-18 19:52:33,279 [MainThread  ] [DEBUG]  image: ./stanford_cars/cars_test/06398.jpg is a ['Chevrolet Malibu Hybrid Sedan 2010'] with label 66
2026-08-18 19:52:33,284 [MainThread  ] [DEBUG]  image: ./stanford_cars/cars_test/06342.jpg is a ['Land Rover Range Rover SUV 2012'] with label 153
2026-08-18 19:52:33,292 [MainThread  ] [DEBUG]  image: ./stanford_cars/cars_test/02463.jpg is a ['Toyota Sequoia SUV 2012'] with label 185
2026-08-18 19:52:33,303 [MainThread  ] [DEBUG]  image: ./stanford_cars/cars_test/02169.jpg is a ['Ford Focus Sedan 2007'] with label 114
2026-08-18 19:52:33,323 [MainThread  ] [DEBUG]  running forward and backward pass
2026-08-18 19:52:33,529 [MainThread  ] [DEBUG]  fraction of validation data processed: 40.000000
2026-08-18 19:52:33,529 [MainThread  ] [DEBUG]  batch running validation loss: 163.189950
2026-08-18 19:52:33,529 [MainThread  ] [DEBUG]  batch running validation accuracy: 7.000000
2026-08-18 19:52:33,530 [MainThread  ] [DEBUG]  image: ./stanford_cars/cars_test/04547.jpg is a ['Toyota Corolla Sedan 2012'] with label 187
2026-08-18 19:52:33,533 [MainThread  ] [DEBUG]  image: ./stanford_cars/cars_test/06194.jpg is a ['Mercedes-Benz S-Class Sedan 2012'] with label 164
2026-08-18 19:52:33,540 [MainThread  ] [DEBUG]  image: ./stanford_cars/cars_test/00291.jpg is a ['Ferrari California Convertible 2012'] with label 101
2026-08-18 19:52:33,562 [MainThread  ] [DEBUG]  image: ./stanford_cars/cars_test/01171.jpg is a ['Mercedes-Benz Sprinter Van 2012'] with label 165
2026-08-18 19:52:33,570 [MainThread  ] [DEBUG]  image: ./stanford_cars/cars_test/00088.jpg is a ['Daewoo Nubira Wagon 2002'] with label 81
2026-08-18 19:52:33,579 [MainThread  ] [DEBUG]  image: ./stanford_cars/cars_test/03240.jpg is a ['Hyundai Veloster Hatchback 2012'] with label 129
2026-08-18 19:52:33,591 [MainThread  ] [DEBUG]  image: ./stanford_cars/cars_test/04066.jpg is a ['Dodge Magnum Wagon 2008'] with label 91
2026-08-18 19:52:33,596 [MainThread  ] [DEBUG]  image: ./stanford_cars/cars_test/01249.jpg is a ['Chevrolet HHR SS 2010'] with label 59
2026-08-18 19:52:33,603 [MainThread  ] [DEBUG]  running forward and backward pass
2026-08-18 19:52:33,823 [MainThread  ] [DEBUG]  fraction of validation data processed: 41.538462
2026-08-18 19:52:33,824 [MainThread  ] [DEBUG]  batch running validation loss: 169.755397
2026-08-18 19:52:33,824 [MainThread  ] [DEBUG]  batch running validation accuracy: 7.000000
2026-08-18 19:52:33,824 [MainThread  ] [DEBUG]  image: ./stanford_cars/cars_test/03673.jpg is a ['Audi S6 Sedan 2011'] with label 19
2026-08-18 19:52:33,833 [MainThread  ] [DEBUG]  image: ./stanford_cars/cars_test/00266.jpg is a ['BMW M6 Convertible 2010'] with label 35
2026-08-18 19:52:33,846 [MainThread  ] [DEBUG]  image: ./stanford_cars/cars_test/03389.jpg is a ['Mercedes-Benz E-Class Sedan 2012'] with label 163
2026-08-18 19:52:33,868 [MainThread  ] [DEBUG]  image: ./stanford_cars/cars_test/01556.jpg is a ['Audi S5 Coupe 2012'] with label 21
2026-08-18 19:52:33,886 [MainThread  ] [DEBUG]  image: ./stanford_cars/cars_test/01894.jpg is a ['Buick Rainier SUV 2007'] with label 47
2026-08-18 19:52:33,893 [MainThread  ] [DEBUG]  image: ./stanford_cars/cars_test/01799.jpg is a ['Chevrolet Corvette Ron Fellows Edition Z06 2007'] with label 56
2026-08-18 19:52:33,899 [MainThread  ] [DEBUG]  image: ./stanford_cars/cars_test/06195.jpg is a ['Chevrolet Corvette Ron Fellows Edition Z06 2007'] with label 56
2026-08-18 19:52:33,906 [MainThread  ] [DEBUG]  image: ./stanford_cars/cars_test/01178.jpg is a ['BMW X6 SUV 2012'] with label 32
2026-08-18 19:52:33,916 [MainThread  ] [DEBUG]  running forward and backward pass
2026-08-18 19:52:34,123 [MainThread  ] [DEBUG]  fraction of validation data processed: 43.076923
2026-08-18 19:52:34,123 [MainThread  ] [DEBUG]  batch running validation loss: 175.422183
2026-08-18 19:52:34,124 [MainThread  ] [DEBUG]  batch running validation accuracy: 7.000000
2026-08-18 19:52:34,124 [MainThread  ] [DEBUG]  image: ./stanford_cars/cars_test/05263.jpg is a ['Volvo XC90 SUV 2007'] with label 194
2026-08-18 19:52:34,134 [MainThread  ] [DEBUG]  image: ./stanford_cars/cars_test/03860.jpg is a ['BMW 3 Series Wagon 2012'] with label 29
2026-08-18 19:52:34,140 [MainThread  ] [DEBUG]  image: ./stanford_cars/cars_test/07285.jpg is a ['Lamborghini Gallardo LP 570-4 Superleggera 2012'] with label 151
2026-08-18 19:52:34,146 [MainThread  ] [DEBUG]  image: ./stanford_cars/cars_test/01633.jpg is a ['Aston Martin V8 Vantage Convertible 2012'] with label 7
2026-08-18 19:52:34,155 [MainThread  ] [DEBUG]  image: ./stanford_cars/cars_test/06675.jpg is a ['Chevrolet Express Cargo Van 2007'] with label 63
2026-08-18 19:52:34,160 [MainThread  ] [DEBUG]  image: ./stanford_cars/cars_test/01787.jpg is a ['BMW 3 Series Sedan 2012'] with label 28
2026-08-18 19:52:34,194 [MainThread  ] [DEBUG]  image: ./stanford_cars/cars_test/01147.jpg is a ['Chevrolet Silverado 1500 Extended Cab 2012'] with label 73
2026-08-18 19:52:34,215 [MainThread  ] [DEBUG]  image: ./stanford_cars/cars_test/06938.jpg is a ['Tesla Model S Sedan 2012'] with label 184
2026-08-18 19:52:34,237 [MainThread  ] [DEBUG]  running forward and backward pass
2026-08-18 19:52:34,434 [MainThread  ] [DEBUG]  fraction of validation data processed: 44.615385
2026-08-18 19:52:34,435 [MainThread  ] [DEBUG]  batch running validation loss: 181.852908
2026-08-18 19:52:34,435 [MainThread  ] [DEBUG]  batch running validation accuracy: 7.000000
2026-08-18 19:52:34,435 [MainThread  ] [DEBUG]  image: ./stanford_cars/cars_test/01087.jpg is a ['Ferrari 458 Italia Convertible 2012'] with label 102
2026-08-18 19:52:34,442 [MainThread  ] [DEBUG]  image: ./stanford_cars/cars_test/07691.jpg is a ['Volkswagen Beetle Hatchback 2012'] with label 191
2026-08-18 19:52:34,482 [MainThread  ] [DEBUG]  image: ./stanford_cars/cars_test/05287.jpg is a ['Rolls-Royce Phantom Sedan 2012'] with label 176
2026-08-18 19:52:34,486 [MainThread  ] [DEBUG]  image: ./stanford_cars/cars_test/01728.jpg is a ['Lamborghini Diablo Coupe 2001'] with label 152
2026-08-18 19:52:34,497 [MainThread  ] [DEBUG]  image: ./stanford_cars/cars_test/07583.jpg is a ['Chevrolet Monte Carlo Coupe 2007'] with label 71
2026-08-18 19:52:34,505 [MainThread  ] [DEBUG]  image: ./stanford_cars/cars_test/05599.jpg is a ['Hyundai Sonata Sedan 2012'] with label 137
2026-08-18 19:52:34,517 [MainThread  ] [DEBUG]  image: ./stanford_cars/cars_test/00339.jpg is a ['BMW ActiveHybrid 5 Sedan 2012'] with label 25
2026-08-18 19:52:34,535 [MainThread  ] [DEBUG]  image: ./stanford_cars/cars_test/04250.jpg is a ['Audi 100 Sedan 1994'] with label 16
2026-08-18 19:52:34,543 [MainThread  ] [DEBUG]  running forward and backward pass
2026-08-18 19:52:34,757 [MainThread  ] [DEBUG]  fraction of validation data processed: 46.153846
2026-08-18 19:52:34,757 [MainThread  ] [DEBUG]  batch running validation loss: 188.174856
2026-08-18 19:52:34,757 [MainThread  ] [DEBUG]  batch running validation accuracy: 7.000000
2026-08-18 19:52:34,757 [MainThread  ] [DEBUG]  image: ./stanford_cars/cars_test/04495.jpg is a ['Nissan Leaf Hatchback 2012'] with label 167
2026-08-18 19:52:34,765 [MainThread  ] [DEBUG]  image: ./stanford_cars/cars_test/05317.jpg is a ['Mercedes-Benz 300-Class Convertible 1993'] with label 160
2026-08-18 19:52:34,768 [MainThread  ] [DEBUG]  image: ./stanford_cars/cars_test/03591.jpg is a ['GMC Acadia SUV 2012'] with label 120
2026-08-18 19:52:34,772 [MainThread  ] [DEBUG]  image: ./stanford_cars/cars_test/02046.jpg is a ['Audi 100 Wagon 1994'] with label 17
2026-08-18 19:52:34,776 [MainThread  ] [DEBUG]  image: ./stanford_cars/cars_test/01620.jpg is a ['Chevrolet Corvette ZR1 2012'] with label 55
2026-08-18 19:52:34,782 [MainThread  ] [DEBUG]  image: ./stanford_cars/cars_test/00626.jpg is a ['Toyota Camry Sedan 2012'] with label 186
2026-08-18 19:52:34,801 [MainThread  ] [DEBUG]  image: ./stanford_cars/cars_test/05073.jpg is a ['Jeep Compass SUV 2012'] with label 148
2026-08-18 19:52:34,812 [MainThread  ] [DEBUG]  image: ./stanford_cars/cars_test/00253.jpg is a ['Suzuki SX4 Sedan 2012'] with label 183
2026-08-18 19:52:34,833 [MainThread  ] [DEBUG]  running forward and backward pass
2026-08-18 19:52:35,042 [MainThread  ] [DEBUG]  fraction of validation data processed: 47.692308
2026-08-18 19:52:35,043 [MainThread  ] [DEBUG]  batch running validation loss: 195.571421
2026-08-18 19:52:35,043 [MainThread  ] [DEBUG]  batch running validation accuracy: 7.000000
2026-08-18 19:52:35,043 [MainThread  ] [DEBUG]  image: ./stanford_cars/cars_test/05706.jpg is a ['smart fortwo Convertible 2012'] with label 195
2026-08-18 19:52:35,048 [MainThread  ] [DEBUG]  image: ./stanford_cars/cars_test/04405.jpg is a ['Chevrolet Malibu Hybrid Sedan 2010'] with label 66
2026-08-18 19:52:35,056 [MainThread  ] [DEBUG]  image: ./stanford_cars/cars_test/03014.jpg is a ['Audi S4 Sedan 2007'] with label 23
2026-08-18 19:52:35,072 [MainThread  ] [DEBUG]  image: ./stanford_cars/cars_test/07080.jpg is a ['Infiniti QX56 SUV 2011'] with label 141
2026-08-18 19:52:35,099 [MainThread  ] [DEBUG]  image: ./stanford_cars/cars_test/02756.jpg is a ['Volvo C30 Hatchback 2012'] with label 192
2026-08-18 19:52:35,113 [MainThread  ] [DEBUG]  image: ./stanford_cars/cars_test/05464.jpg is a ['Chrysler Aspen SUV 2009'] with label 75
2026-08-18 19:52:35,116 [MainThread  ] [DEBUG]  image: ./stanford_cars/cars_test/05206.jpg is a ['Lamborghini Reventon Coupe 2008'] with label 149
2026-08-18 19:52:35,127 [MainThread  ] [DEBUG]  image: ./stanford_cars/cars_test/02736.jpg is a ['Nissan NV Passenger Van 2012'] with label 168
2026-08-18 19:52:35,140 [MainThread  ] [DEBUG]  running forward and backward pass
2026-08-18 19:52:35,342 [MainThread  ] [DEBUG]  fraction of validation data processed: 49.230769
2026-08-18 19:52:35,343 [MainThread  ] [DEBUG]  batch running validation loss: 201.268053
2026-08-18 19:52:35,343 [MainThread  ] [DEBUG]  batch running validation accuracy: 7.000000
2026-08-18 19:52:35,343 [MainThread  ] [DEBUG]  image: ./stanford_cars/cars_test/02804.jpg is a ['Ferrari 458 Italia Convertible 2012'] with label 102
2026-08-18 19:52:35,356 [MainThread  ] [DEBUG]  image: ./stanford_cars/cars_test/06474.jpg is a ['Chevrolet Monte Carlo Coupe 2007'] with label 71
2026-08-18 19:52:35,373 [MainThread  ] [DEBUG]  image: ./stanford_cars/cars_test/04834.jpg is a ['Buick Enclave SUV 2012'] with label 49
2026-08-18 19:52:35,382 [MainThread  ] [DEBUG]  image: ./stanford_cars/cars_test/02403.jpg is a ['Volvo 240 Sedan 1993'] with label 193
2026-08-18 19:52:35,390 [MainThread  ] [DEBUG]  image: ./stanford_cars/cars_test/04366.jpg is a ['Ford Expedition EL SUV 2009'] with label 108
2026-08-18 19:52:35,397 [MainThread  ] [DEBUG]  image: ./stanford_cars/cars_test/05175.jpg is a ['Chevrolet Silverado 1500 Classic Extended Cab 2007'] with label 69
2026-08-18 19:52:35,491 [MainThread  ] [DEBUG]  image: ./stanford_cars/cars_test/02985.jpg is a ['smart fortwo Convertible 2012'] with label 195
2026-08-18 19:52:35,498 [MainThread  ] [DEBUG]  image: ./stanford_cars/cars_test/00447.jpg is a ['Mercedes-Benz E-Class Sedan 2012'] with label 163
2026-08-18 19:52:35,552 [MainThread  ] [DEBUG]  running forward and backward pass
2026-08-18 19:52:35,757 [MainThread  ] [DEBUG]  fraction of validation data processed: 50.769231
2026-08-18 19:52:35,757 [MainThread  ] [DEBUG]  batch running validation loss: 208.009876
2026-08-18 19:52:35,757 [MainThread  ] [DEBUG]  batch running validation accuracy: 7.000000
2026-08-18 19:52:35,757 [MainThread  ] [DEBUG]  image: ./stanford_cars/cars_test/01714.jpg is a ['Chevrolet Cobalt SS 2010'] with label 65
2026-08-18 19:52:35,772 [MainThread  ] [DEBUG]  image: ./stanford_cars/cars_test/07446.jpg is a ['Ferrari 458 Italia Coupe 2012'] with label 103
2026-08-18 19:52:35,784 [MainThread  ] [DEBUG]  image: ./stanford_cars/cars_test/05920.jpg is a ['Spyker C8 Coupe 2009'] with label 179
2026-08-18 19:52:35,791 [MainThread  ] [DEBUG]  image: ./stanford_cars/cars_test/06403.jpg is a ['Geo Metro Convertible 1993'] with label 122
2026-08-18 19:52:35,795 [MainThread  ] [DEBUG]  image: ./stanford_cars/cars_test/04653.jpg is a ['Buick Regal GS 2012'] with label 46
2026-08-18 19:52:35,815 [MainThread  ] [DEBUG]  image: ./stanford_cars/cars_test/02288.jpg is a ['Chrysler 300 SRT-8 2010'] with label 78
2026-08-18 19:52:35,846 [MainThread  ] [DEBUG]  image: ./stanford_cars/cars_test/06354.jpg is a ['Ford Freestar Minivan 2007'] with label 107
2026-08-18 19:52:35,854 [MainThread  ] [DEBUG]  image: ./stanford_cars/cars_test/05868.jpg is a ['BMW 1 Series Coupe 2012'] with label 27
2026-08-18 19:52:35,869 [MainThread  ] [DEBUG]  running forward and backward pass
2026-08-18 19:52:36,104 [MainThread  ] [DEBUG]  fraction of validation data processed: 52.307692
2026-08-18 19:52:36,104 [MainThread  ] [DEBUG]  batch running validation loss: 213.307968
2026-08-18 19:52:36,104 [MainThread  ] [DEBUG]  batch running validation accuracy: 7.000000
2026-08-18 19:52:36,104 [MainThread  ] [DEBUG]  image: ./stanford_cars/cars_test/01641.jpg is a ['Infiniti QX56 SUV 2011'] with label 141
2026-08-18 19:52:36,110 [MainThread  ] [DEBUG]  image: ./stanford_cars/cars_test/05424.jpg is a ['Hyundai Elantra Touring Hatchback 2012'] with label 138
2026-08-18 19:52:36,121 [MainThread  ] [DEBUG]  image: ./stanford_cars/cars_test/04882.jpg is a ['FIAT 500 Convertible 2012'] with label 99
2026-08-18 19:52:36,128 [MainThread  ] [DEBUG]  image: ./stanford_cars/cars_test/06978.jpg is a ['Spyker C8 Coupe 2009'] with label 179
2026-08-18 19:52:36,177 [MainThread  ] [DEBUG]  image: ./stanford_cars/cars_test/00209.jpg is a ['Dodge Ram Pickup 3500 Quad Cab 2009'] with label 86
2026-08-18 19:52:36,183 [MainThread  ] [DEBUG]  image: ./stanford_cars/cars_test/04721.jpg is a ['Plymouth Neon Coupe 1999'] with label 171
2026-08-18 19:52:36,199 [MainThread  ] [DEBUG]  image: ./stanford_cars/cars_test/07650.jpg is a ['Audi V8 Sedan 1994'] with label 15
2026-08-18 19:52:36,211 [MainThread  ] [DEBUG]  image: ./stanford_cars/cars_test/01176.jpg is a ['Acura Integra Type R 2001'] with label 5
2026-08-18 19:52:36,262 [MainThread  ] [DEBUG]  running forward and backward pass
2026-08-18 19:52:36,480 [MainThread  ] [DEBUG]  fraction of validation data processed: 53.846154
2026-08-18 19:52:36,480 [MainThread  ] [DEBUG]  batch running validation loss: 219.170804
2026-08-18 19:52:36,480 [MainThread  ] [DEBUG]  batch running validation accuracy: 7.000000
2026-08-18 19:52:36,480 [MainThread  ] [DEBUG]  image: ./stanford_cars/cars_test/06657.jpg is a ['Cadillac CTS-V Sedan 2012'] with label 50
2026-08-18 19:52:36,486 [MainThread  ] [DEBUG]  image: ./stanford_cars/cars_test/04225.jpg is a ['Audi S5 Coupe 2012'] with label 21
2026-08-18 19:52:36,496 [MainThread  ] [DEBUG]  image: ./stanford_cars/cars_test/06151.jpg is a ['Acura TL Sedan 2012'] with label 2
2026-08-18 19:52:36,501 [MainThread  ] [DEBUG]  image: ./stanford_cars/cars_test/06026.jpg is a ['Cadillac Escalade EXT Crew Cab 2007'] with label 52
2026-08-18 19:52:36,505 [MainThread  ] [DEBUG]  image: ./stanford_cars/cars_test/03555.jpg is a ['Audi TT Hatchback 2011'] with label 18
2026-08-18 19:52:36,512 [MainThread  ] [DEBUG]  image: ./stanford_cars/cars_test/00259.jpg is a ['Chevrolet Express Cargo Van 2007'] with label 63
2026-08-18 19:52:36,521 [MainThread  ] [DEBUG]  image: ./stanford_cars/cars_test/06539.jpg is a ['Toyota Camry Sedan 2012'] with label 186
2026-08-18 19:52:36,530 [MainThread  ] [DEBUG]  image: ./stanford_cars/cars_test/01709.jpg is a ['Acura ZDX Hatchback 2012'] with label 6
2026-08-18 19:52:36,553 [MainThread  ] [DEBUG]  running forward and backward pass
2026-08-18 19:52:36,779 [MainThread  ] [DEBUG]  fraction of validation data processed: 55.384615
2026-08-18 19:52:36,779 [MainThread  ] [DEBUG]  batch running validation loss: 225.065738
2026-08-18 19:52:36,779 [MainThread  ] [DEBUG]  batch running validation accuracy: 7.000000
2026-08-18 19:52:36,780 [MainThread  ] [DEBUG]  image: ./stanford_cars/cars_test/00272.jpg is a ['Mercedes-Benz Sprinter Van 2012'] with label 165
2026-08-18 19:52:36,790 [MainThread  ] [DEBUG]  image: ./stanford_cars/cars_test/04591.jpg is a ['Ford E-Series Wagon Van 2012'] with label 115
2026-08-18 19:52:36,799 [MainThread  ] [DEBUG]  image: ./stanford_cars/cars_test/04554.jpg is a ['Chevrolet Tahoe Hybrid SUV 2012'] with label 61
2026-08-18 19:52:36,805 [MainThread  ] [DEBUG]  image: ./stanford_cars/cars_test/06340.jpg is a ['Dodge Journey SUV 2012'] with label 88
2026-08-18 19:52:36,825 [MainThread  ] [DEBUG]  image: ./stanford_cars/cars_test/03921.jpg is a ['Isuzu Ascender SUV 2008'] with label 142
2026-08-18 19:52:36,830 [MainThread  ] [DEBUG]  image: ./stanford_cars/cars_test/02808.jpg is a ['BMW Z4 Convertible 2012'] with label 37
2026-08-18 19:52:36,833 [MainThread  ] [DEBUG]  image: ./stanford_cars/cars_test/00761.jpg is a ['Hyundai Santa Fe SUV 2012'] with label 130
2026-08-18 19:52:36,842 [MainThread  ] [DEBUG]  image: ./stanford_cars/cars_test/05512.jpg is a ['BMW X5 SUV 2007'] with label 31
2026-08-18 19:52:36,851 [MainThread  ] [DEBUG]  running forward and backward pass
2026-08-18 19:52:37,054 [MainThread  ] [DEBUG]  fraction of validation data processed: 56.923077
2026-08-18 19:52:37,055 [MainThread  ] [DEBUG]  batch running validation loss: 231.294249
2026-08-18 19:52:37,055 [MainThread  ] [DEBUG]  batch running validation accuracy: 7.000000
2026-08-18 19:52:37,055 [MainThread  ] [DEBUG]  image: ./stanford_cars/cars_test/04214.jpg is a ['Ferrari 458 Italia Coupe 2012'] with label 103
2026-08-18 19:52:37,060 [MainThread  ] [DEBUG]  image: ./stanford_cars/cars_test/06672.jpg is a ['Dodge Ram Pickup 3500 Crew Cab 2010'] with label 85
2026-08-18 19:52:37,065 [MainThread  ] [DEBUG]  image: ./stanford_cars/cars_test/00701.jpg is a ['Ferrari California Convertible 2012'] with label 101
2026-08-18 19:52:37,069 [MainThread  ] [DEBUG]  image: ./stanford_cars/cars_test/01264.jpg is a ['Rolls-Royce Phantom Drophead Coupe Convertible 2012'] with label 174
2026-08-18 19:52:37,078 [MainThread  ] [DEBUG]  image: ./stanford_cars/cars_test/06102.jpg is a ['Land Rover LR2 SUV 2012'] with label 154
2026-08-18 19:52:37,088 [MainThread  ] [DEBUG]  image: ./stanford_cars/cars_test/02791.jpg is a ['Ford GT Coupe 2006'] with label 111
2026-08-18 19:52:37,109 [MainThread  ] [DEBUG]  image: ./stanford_cars/cars_test/05695.jpg is a ['Suzuki SX4 Hatchback 2012'] with label 182
2026-08-18 19:52:37,125 [MainThread  ] [DEBUG]  image: ./stanford_cars/cars_test/01881.jpg is a ['Hyundai Sonata Hybrid Sedan 2012'] with label 133
2026-08-18 19:52:37,134 [MainThread  ] [DEBUG]  running forward and backward pass
2026-08-18 19:52:37,336 [MainThread  ] [DEBUG]  fraction of validation data processed: 58.461538
2026-08-18 19:52:37,336 [MainThread  ] [DEBUG]  batch running validation loss: 237.845161
2026-08-18 19:52:37,337 [MainThread  ] [DEBUG]  batch running validation accuracy: 7.000000
2026-08-18 19:52:37,337 [MainThread  ] [DEBUG]  image: ./stanford_cars/cars_test/04022.jpg is a ['Dodge Dakota Club Cab 2007'] with label 90
2026-08-18 19:52:37,345 [MainThread  ] [DEBUG]  image: ./stanford_cars/cars_test/07412.jpg is a ['Suzuki SX4 Sedan 2012'] with label 183
2026-08-18 19:52:37,363 [MainThread  ] [DEBUG]  image: ./stanford_cars/cars_test/07670.jpg is a ['Ford Ranger SuperCab 2011'] with label 110
2026-08-18 19:52:37,382 [MainThread  ] [DEBUG]  image: ./stanford_cars/cars_test/06115.jpg is a ['Hyundai Azera Sedan 2012'] with label 139
2026-08-18 19:52:37,413 [MainThread  ] [DEBUG]  image: ./stanford_cars/cars_test/07840.jpg is a ['Acura TL Sedan 2012'] with label 2
2026-08-18 19:52:37,417 [MainThread  ] [DEBUG]  image: ./stanford_cars/cars_test/04720.jpg is a ['Hyundai Veloster Hatchback 2012'] with label 129
2026-08-18 19:52:37,425 [MainThread  ] [DEBUG]  image: ./stanford_cars/cars_test/06272.jpg is a ['Ferrari FF Coupe 2012'] with label 100
2026-08-18 19:52:37,434 [MainThread  ] [DEBUG]  image: ./stanford_cars/cars_test/03595.jpg is a ['Bentley Continental Supersports Conv. Convertible 2012'] with label 38
2026-08-18 19:52:37,441 [MainThread  ] [DEBUG]  running forward and backward pass
2026-08-18 19:52:37,642 [MainThread  ] [DEBUG]  fraction of validation data processed: 60.000000
2026-08-18 19:52:37,642 [MainThread  ] [DEBUG]  batch running validation loss: 243.662181
2026-08-18 19:52:37,642 [MainThread  ] [DEBUG]  batch running validation accuracy: 7.000000
2026-08-18 19:52:37,642 [MainThread  ] [DEBUG]  image: ./stanford_cars/cars_test/07127.jpg is a ['Bentley Continental GT Coupe 2007'] with label 42
2026-08-18 19:52:37,752 [MainThread  ] [DEBUG]  image: ./stanford_cars/cars_test/03793.jpg is a ['Chrysler PT Cruiser Convertible 2008'] with label 80
2026-08-18 19:52:37,758 [MainThread  ] [DEBUG]  image: ./stanford_cars/cars_test/00965.jpg is a ['Toyota Corolla Sedan 2012'] with label 187
2026-08-18 19:52:37,793 [MainThread  ] [DEBUG]  image: ./stanford_cars/cars_test/07521.jpg is a ['Ford F-150 Regular Cab 2007'] with label 113
2026-08-18 19:52:37,822 [MainThread  ] [DEBUG]  image: ./stanford_cars/cars_test/02910.jpg is a ['Chevrolet Camaro Convertible 2012'] with label 58
2026-08-18 19:52:37,856 [MainThread  ] [DEBUG]  image: ./stanford_cars/cars_test/04430.jpg is a ['Chrysler PT Cruiser Convertible 2008'] with label 80
2026-08-18 19:52:37,873 [MainThread  ] [DEBUG]  image: ./stanford_cars/cars_test/01333.jpg is a ['Hyundai Veracruz SUV 2012'] with label 132
2026-08-18 19:52:37,883 [MainThread  ] [DEBUG]  image: ./stanford_cars/cars_test/07079.jpg is a ['Jeep Patriot SUV 2012'] with label 144
2026-08-18 19:52:37,907 [MainThread  ] [DEBUG]  running forward and backward pass
2026-08-18 19:52:38,214 [MainThread  ] [DEBUG]  fraction of validation data processed: 61.538462
2026-08-18 19:52:38,214 [MainThread  ] [DEBUG]  batch running validation loss: 249.661476
2026-08-18 19:52:38,215 [MainThread  ] [DEBUG]  batch running validation accuracy: 7.000000
2026-08-18 19:52:38,215 [MainThread  ] [DEBUG]  image: ./stanford_cars/cars_test/00479.jpg is a ['Jeep Liberty SUV 2012'] with label 146
2026-08-18 19:52:38,227 [MainThread  ] [DEBUG]  image: ./stanford_cars/cars_test/01022.jpg is a ['Acura TSX Sedan 2012'] with label 4
2026-08-18 19:52:38,232 [MainThread  ] [DEBUG]  image: ./stanford_cars/cars_test/01465.jpg is a ['Bentley Continental Flying Spur Sedan 2007'] with label 43
2026-08-18 19:52:38,237 [MainThread  ] [DEBUG]  image: ./stanford_cars/cars_test/01418.jpg is a ['Ford Ranger SuperCab 2011'] with label 110
2026-08-18 19:52:38,247 [MainThread  ] [DEBUG]  image: ./stanford_cars/cars_test/01072.jpg is a ['Chevrolet Silverado 1500 Hybrid Crew Cab 2012'] with label 53
2026-08-18 19:52:38,252 [MainThread  ] [DEBUG]  image: ./stanford_cars/cars_test/05250.jpg is a ['Dodge Durango SUV 2007'] with label 94
2026-08-18 19:52:38,262 [MainThread  ] [DEBUG]  image: ./stanford_cars/cars_test/05275.jpg is a ['AM General Hummer SUV 2000'] with label 0
2026-08-18 19:52:38,266 [MainThread  ] [DEBUG]  image: ./stanford_cars/cars_test/04893.jpg is a ['Audi S5 Coupe 2012'] with label 21
2026-08-18 19:52:38,273 [MainThread  ] [DEBUG]  running forward and backward pass
2026-08-18 19:52:38,483 [MainThread  ] [DEBUG]  fraction of validation data processed: 63.076923
2026-08-18 19:52:38,483 [MainThread  ] [DEBUG]  batch running validation loss: 254.824124
2026-08-18 19:52:38,483 [MainThread  ] [DEBUG]  batch running validation accuracy: 7.000000
2026-08-18 19:52:38,483 [MainThread  ] [DEBUG]  image: ./stanford_cars/cars_test/00136.jpg is a ['Ford Expedition EL SUV 2009'] with label 108
2026-08-18 19:52:38,499 [MainThread  ] [DEBUG]  image: ./stanford_cars/cars_test/00599.jpg is a ['BMW M5 Sedan 2010'] with label 34
2026-08-18 19:52:38,506 [MainThread  ] [DEBUG]  image: ./stanford_cars/cars_test/03996.jpg is a ['Dodge Sprinter Cargo Van 2009'] with label 87
2026-08-18 19:52:38,510 [MainThread  ] [DEBUG]  image: ./stanford_cars/cars_test/04197.jpg is a ['Aston Martin V8 Vantage Coupe 2012'] with label 8
2026-08-18 19:52:38,514 [MainThread  ] [DEBUG]  image: ./stanford_cars/cars_test/00466.jpg is a ['Infiniti G Coupe IPL 2012'] with label 140
2026-08-18 19:52:38,517 [MainThread  ] [DEBUG]  image: ./stanford_cars/cars_test/03999.jpg is a ['Ford GT Coupe 2006'] with label 111
2026-08-18 19:52:38,531 [MainThread  ] [DEBUG]  image: ./stanford_cars/cars_test/05025.jpg is a ['Chrysler Crossfire Convertible 2008'] with label 79
2026-08-18 19:52:38,542 [MainThread  ] [DEBUG]  image: ./stanford_cars/cars_test/07550.jpg is a ['Honda Odyssey Minivan 2007'] with label 126
2026-08-18 19:52:38,567 [MainThread  ] [DEBUG]  running forward and backward pass
2026-08-18 19:52:38,769 [MainThread  ] [DEBUG]  fraction of validation data processed: 64.615385
2026-08-18 19:52:38,769 [MainThread  ] [DEBUG]  batch running validation loss: 260.630504
2026-08-18 19:52:38,770 [MainThread  ] [DEBUG]  batch running validation accuracy: 8.000000
2026-08-18 19:52:38,770 [MainThread  ] [DEBUG]  image: ./stanford_cars/cars_test/06212.jpg is a ['Aston Martin V8 Vantage Coupe 2012'] with label 8
2026-08-18 19:52:38,797 [MainThread  ] [DEBUG]  image: ./stanford_cars/cars_test/05478.jpg is a ['Honda Odyssey Minivan 2007'] with label 126
2026-08-18 19:52:38,804 [MainThread  ] [DEBUG]  image: ./stanford_cars/cars_test/04949.jpg is a ['Isuzu Ascender SUV 2008'] with label 142
2026-08-18 19:52:38,812 [MainThread  ] [DEBUG]  image: ./stanford_cars/cars_test/01594.jpg is a ['Ford GT Coupe 2006'] with label 111
2026-08-18 19:52:38,839 [MainThread  ] [DEBUG]  image: ./stanford_cars/cars_test/02854.jpg is a ['Bentley Continental Flying Spur Sedan 2007'] with label 43
2026-08-18 19:52:38,860 [MainThread  ] [DEBUG]  image: ./stanford_cars/cars_test/05641.jpg is a ['Buick Rainier SUV 2007'] with label 47
2026-08-18 19:52:38,868 [MainThread  ] [DEBUG]  image: ./stanford_cars/cars_test/02339.jpg is a ['Volkswagen Golf Hatchback 2012'] with label 189
2026-08-18 19:52:38,872 [MainThread  ] [DEBUG]  image: ./stanford_cars/cars_test/00460.jpg is a ['Chrysler 300 SRT-8 2010'] with label 78
2026-08-18 19:52:38,888 [MainThread  ] [DEBUG]  running forward and backward pass
2026-08-18 19:52:39,092 [MainThread  ] [DEBUG]  fraction of validation data processed: 66.153846
2026-08-18 19:52:39,092 [MainThread  ] [DEBUG]  batch running validation loss: 266.307092
2026-08-18 19:52:39,093 [MainThread  ] [DEBUG]  batch running validation accuracy: 8.000000
2026-08-18 19:52:39,093 [MainThread  ] [DEBUG]  image: ./stanford_cars/cars_test/00044.jpg is a ['Chevrolet Avalanche Crew Cab 2012'] with label 64
2026-08-18 19:52:39,099 [MainThread  ] [DEBUG]  image: ./stanford_cars/cars_test/04449.jpg is a ['Chrysler Sebring Convertible 2010'] with label 76
2026-08-18 19:52:39,105 [MainThread  ] [DEBUG]  image: ./stanford_cars/cars_test/03659.jpg is a ['Acura TL Type-S 2008'] with label 3
2026-08-18 19:52:39,110 [MainThread  ] [DEBUG]  image: ./stanford_cars/cars_test/03343.jpg is a ['GMC Terrain SUV 2012'] with label 117
2026-08-18 19:52:39,119 [MainThread  ] [DEBUG]  image: ./stanford_cars/cars_test/00598.jpg is a ['Chrysler Aspen SUV 2009'] with label 75
2026-08-18 19:52:39,126 [MainThread  ] [DEBUG]  image: ./stanford_cars/cars_test/00011.jpg is a ['Buick Verano Sedan 2012'] with label 48
2026-08-18 19:52:39,132 [MainThread  ] [DEBUG]  image: ./stanford_cars/cars_test/07056.jpg is a ['Chrysler 300 SRT-8 2010'] with label 78
2026-08-18 19:52:39,155 [MainThread  ] [DEBUG]  image: ./stanford_cars/cars_test/06775.jpg is a ['GMC Savana Van 2012'] with label 118
2026-08-18 19:52:39,165 [MainThread  ] [DEBUG]  running forward and backward pass
2026-08-18 19:52:39,372 [MainThread  ] [DEBUG]  fraction of validation data processed: 67.692308
2026-08-18 19:52:39,373 [MainThread  ] [DEBUG]  batch running validation loss: 271.737018
2026-08-18 19:52:39,373 [MainThread  ] [DEBUG]  batch running validation accuracy: 9.000000
2026-08-18 19:52:39,373 [MainThread  ] [DEBUG]  image: ./stanford_cars/cars_test/01782.jpg is a ['Chevrolet Corvette ZR1 2012'] with label 55
2026-08-18 19:52:39,384 [MainThread  ] [DEBUG]  image: ./stanford_cars/cars_test/05758.jpg is a ['BMW 6 Series Convertible 2007'] with label 30
2026-08-18 19:52:39,389 [MainThread  ] [DEBUG]  image: ./stanford_cars/cars_test/03651.jpg is a ['Hyundai Sonata Hybrid Sedan 2012'] with label 133
2026-08-18 19:52:39,404 [MainThread  ] [DEBUG]  image: ./stanford_cars/cars_test/03734.jpg is a ['Audi 100 Wagon 1994'] with label 17
2026-08-18 19:52:39,406 [MainThread  ] [DEBUG]  image: ./stanford_cars/cars_test/02170.jpg is a ['Lamborghini Gallardo LP 570-4 Superleggera 2012'] with label 151
2026-08-18 19:52:39,412 [MainThread  ] [DEBUG]  image: ./stanford_cars/cars_test/06214.jpg is a ['Toyota Sequoia SUV 2012'] with label 185
2026-08-18 19:52:39,415 [MainThread  ] [DEBUG]  image: ./stanford_cars/cars_test/04415.jpg is a ['Volvo C30 Hatchback 2012'] with label 192
2026-08-18 19:52:39,429 [MainThread  ] [DEBUG]  image: ./stanford_cars/cars_test/00581.jpg is a ['Volkswagen Beetle Hatchback 2012'] with label 191
2026-08-18 19:52:39,439 [MainThread  ] [DEBUG]  running forward and backward pass
2026-08-18 19:52:39,641 [MainThread  ] [DEBUG]  fraction of validation data processed: 69.230769
2026-08-18 19:52:39,641 [MainThread  ] [DEBUG]  batch running validation loss: 278.886879
2026-08-18 19:52:39,642 [MainThread  ] [DEBUG]  batch running validation accuracy: 9.000000
2026-08-18 19:52:39,642 [MainThread  ] [DEBUG]  image: ./stanford_cars/cars_test/06594.jpg is a ['Chevrolet HHR SS 2010'] with label 59
2026-08-18 19:52:39,665 [MainThread  ] [DEBUG]  image: ./stanford_cars/cars_test/05451.jpg is a ['Cadillac Escalade EXT Crew Cab 2007'] with label 52
2026-08-18 19:52:39,670 [MainThread  ] [DEBUG]  image: ./stanford_cars/cars_test/04081.jpg is a ['Hyundai Genesis Sedan 2012'] with label 136
2026-08-18 19:52:39,681 [MainThread  ] [DEBUG]  image: ./stanford_cars/cars_test/07027.jpg is a ['Chevrolet Silverado 2500HD Regular Cab 2012'] with label 68
2026-08-18 19:52:39,685 [MainThread  ] [DEBUG]  image: ./stanford_cars/cars_test/01053.jpg is a ['Chevrolet Sonic Sedan 2012'] with label 62
2026-08-18 19:52:39,694 [MainThread  ] [DEBUG]  image: ./stanford_cars/cars_test/07240.jpg is a ['BMW X5 SUV 2007'] with label 31
2026-08-18 19:52:39,698 [MainThread  ] [DEBUG]  image: ./stanford_cars/cars_test/03554.jpg is a ['Dodge Dakota Crew Cab 2010'] with label 89
2026-08-18 19:52:39,702 [MainThread  ] [DEBUG]  image: ./stanford_cars/cars_test/06270.jpg is a ['Dodge Ram Pickup 3500 Crew Cab 2010'] with label 85
2026-08-18 19:52:39,710 [MainThread  ] [DEBUG]  running forward and backward pass
2026-08-18 19:52:39,911 [MainThread  ] [DEBUG]  fraction of validation data processed: 70.769231
2026-08-18 19:52:39,911 [MainThread  ] [DEBUG]  batch running validation loss: 284.899982
2026-08-18 19:52:39,911 [MainThread  ] [DEBUG]  batch running validation accuracy: 9.000000
2026-08-18 19:52:39,911 [MainThread  ] [DEBUG]  image: ./stanford_cars/cars_test/05922.jpg is a ['Ford Edge SUV 2012'] with label 109
2026-08-18 19:52:39,919 [MainThread  ] [DEBUG]  image: ./stanford_cars/cars_test/07976.jpg is a ['Dodge Caravan Minivan 1997'] with label 84
2026-08-18 19:52:39,930 [MainThread  ] [DEBUG]  image: ./stanford_cars/cars_test/06502.jpg is a ['Ford Edge SUV 2012'] with label 109
2026-08-18 19:52:39,943 [MainThread  ] [DEBUG]  image: ./stanford_cars/cars_test/07508.jpg is a ['Cadillac SRX SUV 2012'] with label 51
2026-08-18 19:52:39,953 [MainThread  ] [DEBUG]  image: ./stanford_cars/cars_test/00532.jpg is a ['Aston Martin V8 Vantage Convertible 2012'] with label 7
2026-08-18 19:52:39,961 [MainThread  ] [DEBUG]  image: ./stanford_cars/cars_test/02838.jpg is a ['Honda Accord Sedan 2012'] with label 128
2026-08-18 19:52:39,968 [MainThread  ] [DEBUG]  image: ./stanford_cars/cars_test/02125.jpg is a ['Mitsubishi Lancer Sedan 2012'] with label 166
2026-08-18 19:52:39,983 [MainThread  ] [DEBUG]  image: ./stanford_cars/cars_test/00073.jpg is a ['Cadillac CTS-V Sedan 2012'] with label 50
2026-08-18 19:52:40,004 [MainThread  ] [DEBUG]  running forward and backward pass
2026-08-18 19:52:40,217 [MainThread  ] [DEBUG]  fraction of validation data processed: 72.307692
2026-08-18 19:52:40,217 [MainThread  ] [DEBUG]  batch running validation loss: 292.425097
2026-08-18 19:52:40,217 [MainThread  ] [DEBUG]  batch running validation accuracy: 9.000000
2026-08-18 19:52:40,217 [MainThread  ] [DEBUG]  image: ./stanford_cars/cars_test/06197.jpg is a ['Ferrari FF Coupe 2012'] with label 100
2026-08-18 19:52:40,229 [MainThread  ] [DEBUG]  image: ./stanford_cars/cars_test/05224.jpg is a ['Tesla Model S Sedan 2012'] with label 184
2026-08-18 19:52:40,241 [MainThread  ] [DEBUG]  image: ./stanford_cars/cars_test/02264.jpg is a ['Hyundai Veloster Hatchback 2012'] with label 129
2026-08-18 19:52:40,250 [MainThread  ] [DEBUG]  image: ./stanford_cars/cars_test/06912.jpg is a ['Audi V8 Sedan 1994'] with label 15
2026-08-18 19:52:40,256 [MainThread  ] [DEBUG]  image: ./stanford_cars/cars_test/05680.jpg is a ['GMC Yukon Hybrid SUV 2012'] with label 119
2026-08-18 19:52:40,266 [MainThread  ] [DEBUG]  image: ./stanford_cars/cars_test/02974.jpg is a ['Dodge Ram Pickup 3500 Quad Cab 2009'] with label 86
2026-08-18 19:52:40,279 [MainThread  ] [DEBUG]  image: ./stanford_cars/cars_test/01555.jpg is a ['Aston Martin Virage Convertible 2012'] with label 9
2026-08-18 19:52:40,287 [MainThread  ] [DEBUG]  image: ./stanford_cars/cars_test/03736.jpg is a ['BMW 3 Series Wagon 2012'] with label 29
2026-08-18 19:52:40,300 [MainThread  ] [DEBUG]  running forward and backward pass
2026-08-18 19:52:40,549 [MainThread  ] [DEBUG]  fraction of validation data processed: 73.846154
2026-08-18 19:52:40,549 [MainThread  ] [DEBUG]  batch running validation loss: 298.960323
2026-08-18 19:52:40,550 [MainThread  ] [DEBUG]  batch running validation accuracy: 9.000000
2026-08-18 19:52:40,550 [MainThread  ] [DEBUG]  image: ./stanford_cars/cars_test/05851.jpg is a ['Audi TT Hatchback 2011'] with label 18
2026-08-18 19:52:40,603 [MainThread  ] [DEBUG]  image: ./stanford_cars/cars_test/02803.jpg is a ['Ford Fiesta Sedan 2012'] with label 116
2026-08-18 19:52:40,613 [MainThread  ] [DEBUG]  image: ./stanford_cars/cars_test/05494.jpg is a ['Audi S5 Convertible 2012'] with label 20
2026-08-18 19:52:40,666 [MainThread  ] [DEBUG]  image: ./stanford_cars/cars_test/05917.jpg is a ['Chevrolet Silverado 2500HD Regular Cab 2012'] with label 68
2026-08-18 19:52:40,710 [MainThread  ] [DEBUG]  image: ./stanford_cars/cars_test/01848.jpg is a ['Porsche Panamera Sedan 2012'] with label 172
2026-08-18 19:52:40,732 [MainThread  ] [DEBUG]  image: ./stanford_cars/cars_test/06179.jpg is a ['BMW 1 Series Convertible 2012'] with label 26
2026-08-18 19:52:40,771 [MainThread  ] [DEBUG]  image: ./stanford_cars/cars_test/05493.jpg is a ['Bugatti Veyron 16.4 Coupe 2009'] with label 45
2026-08-18 19:52:40,785 [MainThread  ] [DEBUG]  image: ./stanford_cars/cars_test/07296.jpg is a ['Ford E-Series Wagon Van 2012'] with label 115
2026-08-18 19:52:40,801 [MainThread  ] [DEBUG]  running forward and backward pass
2026-08-18 19:52:41,110 [MainThread  ] [DEBUG]  fraction of validation data processed: 75.384615
2026-08-18 19:52:41,110 [MainThread  ] [DEBUG]  batch running validation loss: 303.812066
2026-08-18 19:52:41,111 [MainThread  ] [DEBUG]  batch running validation accuracy: 10.000000
2026-08-18 19:52:41,111 [MainThread  ] [DEBUG]  image: ./stanford_cars/cars_test/03116.jpg is a ['Bentley Continental Supersports Conv. Convertible 2012'] with label 38
2026-08-18 19:52:41,120 [MainThread  ] [DEBUG]  image: ./stanford_cars/cars_test/03021.jpg is a ['Hyundai Genesis Sedan 2012'] with label 136
2026-08-18 19:52:41,126 [MainThread  ] [DEBUG]  image: ./stanford_cars/cars_test/04693.jpg is a ['Audi S4 Sedan 2007'] with label 23
2026-08-18 19:52:41,146 [MainThread  ] [DEBUG]  image: ./stanford_cars/cars_test/04552.jpg is a ['Cadillac SRX SUV 2012'] with label 51
2026-08-18 19:52:41,155 [MainThread  ] [DEBUG]  image: ./stanford_cars/cars_test/04027.jpg is a ['Land Rover LR2 SUV 2012'] with label 154
2026-08-18 19:52:41,174 [MainThread  ] [DEBUG]  image: ./stanford_cars/cars_test/05632.jpg is a ['Infiniti G Coupe IPL 2012'] with label 140
2026-08-18 19:52:41,181 [MainThread  ] [DEBUG]  image: ./stanford_cars/cars_test/04346.jpg is a ['Jeep Grand Cherokee SUV 2012'] with label 147
2026-08-18 19:52:41,196 [MainThread  ] [DEBUG]  image: ./stanford_cars/cars_test/01652.jpg is a ['Spyker C8 Convertible 2009'] with label 178
2026-08-18 19:52:41,209 [MainThread  ] [DEBUG]  running forward and backward pass
2026-08-18 19:52:41,414 [MainThread  ] [DEBUG]  fraction of validation data processed: 76.923077
2026-08-18 19:52:41,415 [MainThread  ] [DEBUG]  batch running validation loss: 309.953968
2026-08-18 19:52:41,415 [MainThread  ] [DEBUG]  batch running validation accuracy: 10.000000
2026-08-18 19:52:41,415 [MainThread  ] [DEBUG]  image: ./stanford_cars/cars_test/07537.jpg is a ['Ford Edge SUV 2012'] with label 109
2026-08-18 19:52:41,440 [MainThread  ] [DEBUG]  image: ./stanford_cars/cars_test/00383.jpg is a ['Ford Ranger SuperCab 2011'] with label 110
2026-08-18 19:52:41,443 [MainThread  ] [DEBUG]  image: ./stanford_cars/cars_test/06649.jpg is a ['Chevrolet TrailBlazer SS 2009'] with label 67
2026-08-18 19:52:41,462 [MainThread  ] [DEBUG]  image: ./stanford_cars/cars_test/01320.jpg is a ['Dodge Durango SUV 2012'] with label 93
2026-08-18 19:52:41,473 [MainThread  ] [DEBUG]  image: ./stanford_cars/cars_test/02128.jpg is a ['Toyota 4Runner SUV 2012'] with label 188
2026-08-18 19:52:41,477 [MainThread  ] [DEBUG]  image: ./stanford_cars/cars_test/01302.jpg is a ['Volkswagen Golf Hatchback 1991'] with label 190
2026-08-18 19:52:41,490 [MainThread  ] [DEBUG]  image: ./stanford_cars/cars_test/04269.jpg is a ['GMC Terrain SUV 2012'] with label 117
2026-08-18 19:52:41,498 [MainThread  ] [DEBUG]  image: ./stanford_cars/cars_test/05537.jpg is a ['McLaren MP4-12C Coupe 2012'] with label 159
2026-08-18 19:52:41,504 [MainThread  ] [DEBUG]  running forward and backward pass
2026-08-18 19:52:41,712 [MainThread  ] [DEBUG]  fraction of validation data processed: 78.461538
2026-08-18 19:52:41,712 [MainThread  ] [DEBUG]  batch running validation loss: 315.676849
2026-08-18 19:52:41,713 [MainThread  ] [DEBUG]  batch running validation accuracy: 10.000000
2026-08-18 19:52:41,713 [MainThread  ] [DEBUG]  image: ./stanford_cars/cars_test/02904.jpg is a ['Ford Fiesta Sedan 2012'] with label 116
2026-08-18 19:52:41,718 [MainThread  ] [DEBUG]  image: ./stanford_cars/cars_test/01775.jpg is a ['Buick Regal GS 2012'] with label 46
2026-08-18 19:52:41,734 [MainThread  ] [DEBUG]  image: ./stanford_cars/cars_test/05794.jpg is a ['Dodge Durango SUV 2007'] with label 94
2026-08-18 19:52:41,739 [MainThread  ] [DEBUG]  image: ./stanford_cars/cars_test/01290.jpg is a ['Hyundai Santa Fe SUV 2012'] with label 130
2026-08-18 19:52:41,749 [MainThread  ] [DEBUG]  image: ./stanford_cars/cars_test/04612.jpg is a ['Porsche Panamera Sedan 2012'] with label 172
2026-08-18 19:52:41,756 [MainThread  ] [DEBUG]  image: ./stanford_cars/cars_test/00340.jpg is a ['Bentley Continental GT Coupe 2007'] with label 42
2026-08-18 19:52:41,766 [MainThread  ] [DEBUG]  image: ./stanford_cars/cars_test/08029.jpg is a ['Audi R8 Coupe 2012'] with label 14
2026-08-18 19:52:41,794 [MainThread  ] [DEBUG]  image: ./stanford_cars/cars_test/04059.jpg is a ['Aston Martin Virage Coupe 2012'] with label 10
2026-08-18 19:52:41,806 [MainThread  ] [DEBUG]  running forward and backward pass
2026-08-18 19:52:42,010 [MainThread  ] [DEBUG]  fraction of validation data processed: 80.000000
2026-08-18 19:52:42,011 [MainThread  ] [DEBUG]  batch running validation loss: 321.359292
2026-08-18 19:52:42,011 [MainThread  ] [DEBUG]  batch running validation accuracy: 10.000000
2026-08-18 19:52:42,011 [MainThread  ] [DEBUG]  image: ./stanford_cars/cars_test/06359.jpg is a ['Mercedes-Benz E-Class Sedan 2012'] with label 163
2026-08-18 19:52:42,029 [MainThread  ] [DEBUG]  image: ./stanford_cars/cars_test/03829.jpg is a ['Honda Odyssey Minivan 2012'] with label 125
2026-08-18 19:52:42,040 [MainThread  ] [DEBUG]  image: ./stanford_cars/cars_test/07736.jpg is a ['Chevrolet Silverado 1500 Classic Extended Cab 2007'] with label 69
2026-08-18 19:52:42,047 [MainThread  ] [DEBUG]  image: ./stanford_cars/cars_test/07011.jpg is a ['Hyundai Genesis Sedan 2012'] with label 136
2026-08-18 19:52:42,057 [MainThread  ] [DEBUG]  image: ./stanford_cars/cars_test/02372.jpg is a ['Daewoo Nubira Wagon 2002'] with label 81
2026-08-18 19:52:42,062 [MainThread  ] [DEBUG]  image: ./stanford_cars/cars_test/02555.jpg is a ['BMW M3 Coupe 2012'] with label 33
2026-08-18 19:52:42,071 [MainThread  ] [DEBUG]  image: ./stanford_cars/cars_test/02156.jpg is a ['Land Rover Range Rover SUV 2012'] with label 153
2026-08-18 19:52:42,080 [MainThread  ] [DEBUG]  image: ./stanford_cars/cars_test/07025.jpg is a ['Audi RS 4 Convertible 2008'] with label 11
2026-08-18 19:52:42,142 [MainThread  ] [DEBUG]  running forward and backward pass
2026-08-18 19:52:42,359 [MainThread  ] [DEBUG]  fraction of validation data processed: 81.538462
2026-08-18 19:52:42,359 [MainThread  ] [DEBUG]  batch running validation loss: 327.279561
2026-08-18 19:52:42,359 [MainThread  ] [DEBUG]  batch running validation accuracy: 10.000000
2026-08-18 19:52:42,359 [MainThread  ] [DEBUG]  image: ./stanford_cars/cars_test/03960.jpg is a ['Eagle Talon Hatchback 1998'] with label 97
2026-08-18 19:52:42,371 [MainThread  ] [DEBUG]  image: ./stanford_cars/cars_test/04813.jpg is a ['Chevrolet Express Van 2007'] with label 70
2026-08-18 19:52:42,391 [MainThread  ] [DEBUG]  image: ./stanford_cars/cars_test/01772.jpg is a ['Audi S4 Sedan 2007'] with label 23
2026-08-18 19:52:42,398 [MainThread  ] [DEBUG]  image: ./stanford_cars/cars_test/02284.jpg is a ['Dodge Challenger SRT8 2011'] with label 92
2026-08-18 19:52:42,410 [MainThread  ] [DEBUG]  image: ./stanford_cars/cars_test/02946.jpg is a ['HUMMER H2 SUT Crew Cab 2009'] with label 124
2026-08-18 19:52:42,417 [MainThread  ] [DEBUG]  image: ./stanford_cars/cars_test/01656.jpg is a ['Ford Expedition EL SUV 2009'] with label 108
2026-08-18 19:52:42,425 [MainThread  ] [DEBUG]  image: ./stanford_cars/cars_test/02655.jpg is a ['Jeep Liberty SUV 2012'] with label 146
2026-08-18 19:52:42,470 [MainThread  ] [DEBUG]  image: ./stanford_cars/cars_test/01073.jpg is a ['Suzuki SX4 Hatchback 2012'] with label 182
2026-08-18 19:52:42,489 [MainThread  ] [DEBUG]  running forward and backward pass
2026-08-18 19:52:42,692 [MainThread  ] [DEBUG]  fraction of validation data processed: 83.076923
2026-08-18 19:52:42,693 [MainThread  ] [DEBUG]  batch running validation loss: 332.290596
2026-08-18 19:52:42,693 [MainThread  ] [DEBUG]  batch running validation accuracy: 11.000000
2026-08-18 19:52:42,693 [MainThread  ] [DEBUG]  image: ./stanford_cars/cars_test/05659.jpg is a ['Hyundai Tucson SUV 2012'] with label 131
2026-08-18 19:52:42,704 [MainThread  ] [DEBUG]  image: ./stanford_cars/cars_test/03302.jpg is a ['HUMMER H3T Crew Cab 2010'] with label 123
2026-08-18 19:52:42,715 [MainThread  ] [DEBUG]  image: ./stanford_cars/cars_test/06586.jpg is a ['Chevrolet Express Van 2007'] with label 70
2026-08-18 19:52:42,738 [MainThread  ] [DEBUG]  image: ./stanford_cars/cars_test/02407.jpg is a ['Bentley Arnage Sedan 2009'] with label 39
2026-08-18 19:52:42,744 [MainThread  ] [DEBUG]  image: ./stanford_cars/cars_test/07664.jpg is a ['Chevrolet Tahoe Hybrid SUV 2012'] with label 61
2026-08-18 19:52:42,751 [MainThread  ] [DEBUG]  image: ./stanford_cars/cars_test/03160.jpg is a ['Chevrolet Corvette Convertible 2012'] with label 54
2026-08-18 19:52:42,786 [MainThread  ] [DEBUG]  image: ./stanford_cars/cars_test/05167.jpg is a ['Geo Metro Convertible 1993'] with label 122
2026-08-18 19:52:42,794 [MainThread  ] [DEBUG]  image: ./stanford_cars/cars_test/06597.jpg is a ['Bugatti Veyron 16.4 Coupe 2009'] with label 45
2026-08-18 19:52:42,815 [MainThread  ] [DEBUG]  running forward and backward pass
2026-08-18 19:52:43,012 [MainThread  ] [DEBUG]  fraction of validation data processed: 84.615385
2026-08-18 19:52:43,012 [MainThread  ] [DEBUG]  batch running validation loss: 338.794435
2026-08-18 19:52:43,012 [MainThread  ] [DEBUG]  batch running validation accuracy: 11.000000
2026-08-18 19:52:43,012 [MainThread  ] [DEBUG]  image: ./stanford_cars/cars_test/05003.jpg is a ['Chevrolet Corvette ZR1 2012'] with label 55
2026-08-18 19:52:43,035 [MainThread  ] [DEBUG]  image: ./stanford_cars/cars_test/00169.jpg is a ['Ford Mustang Convertible 2007'] with label 106
2026-08-18 19:52:43,038 [MainThread  ] [DEBUG]  image: ./stanford_cars/cars_test/06100.jpg is a ['BMW M3 Coupe 2012'] with label 33
2026-08-18 19:52:43,043 [MainThread  ] [DEBUG]  image: ./stanford_cars/cars_test/05176.jpg is a ['Lamborghini Diablo Coupe 2001'] with label 152
2026-08-18 19:52:43,052 [MainThread  ] [DEBUG]  image: ./stanford_cars/cars_test/05193.jpg is a ['Aston Martin Virage Coupe 2012'] with label 10
2026-08-18 19:52:43,081 [MainThread  ] [DEBUG]  image: ./stanford_cars/cars_test/01145.jpg is a ['Hyundai Santa Fe SUV 2012'] with label 130
2026-08-18 19:52:43,088 [MainThread  ] [DEBUG]  image: ./stanford_cars/cars_test/04556.jpg is a ['Mazda Tribute SUV 2011'] with label 158
2026-08-18 19:52:43,092 [MainThread  ] [DEBUG]  image: ./stanford_cars/cars_test/04157.jpg is a ['Ford Freestar Minivan 2007'] with label 107
2026-08-18 19:52:43,101 [MainThread  ] [DEBUG]  running forward and backward pass
2026-08-18 19:52:43,311 [MainThread  ] [DEBUG]  fraction of validation data processed: 86.153846
2026-08-18 19:52:43,311 [MainThread  ] [DEBUG]  batch running validation loss: 344.366158
2026-08-18 19:52:43,311 [MainThread  ] [DEBUG]  batch running validation accuracy: 11.000000
2026-08-18 19:52:43,311 [MainThread  ] [DEBUG]  image: ./stanford_cars/cars_test/00449.jpg is a ['Audi A5 Coupe 2012'] with label 12
2026-08-18 19:52:43,322 [MainThread  ] [DEBUG]  image: ./stanford_cars/cars_test/00932.jpg is a ['Chevrolet Avalanche Crew Cab 2012'] with label 64
2026-08-18 19:52:43,329 [MainThread  ] [DEBUG]  image: ./stanford_cars/cars_test/00597.jpg is a ['Volkswagen Golf Hatchback 2012'] with label 189
2026-08-18 19:52:43,336 [MainThread  ] [DEBUG]  image: ./stanford_cars/cars_test/07859.jpg is a ['BMW 3 Series Sedan 2012'] with label 28
2026-08-18 19:52:43,343 [MainThread  ] [DEBUG]  image: ./stanford_cars/cars_test/06507.jpg is a ['Jeep Wrangler SUV 2012'] with label 145
2026-08-18 19:52:43,353 [MainThread  ] [DEBUG]  image: ./stanford_cars/cars_test/03968.jpg is a ['Bugatti Veyron 16.4 Convertible 2009'] with label 44
2026-08-18 19:52:43,357 [MainThread  ] [DEBUG]  image: ./stanford_cars/cars_test/06530.jpg is a ['BMW M6 Convertible 2010'] with label 35
2026-08-18 19:52:43,368 [MainThread  ] [DEBUG]  image: ./stanford_cars/cars_test/00489.jpg is a ['HUMMER H2 SUT Crew Cab 2009'] with label 124
2026-08-18 19:52:43,375 [MainThread  ] [DEBUG]  running forward and backward pass
2026-08-18 19:52:43,602 [MainThread  ] [DEBUG]  fraction of validation data processed: 87.692308
2026-08-18 19:52:43,602 [MainThread  ] [DEBUG]  batch running validation loss: 349.659253
2026-08-18 19:52:43,602 [MainThread  ] [DEBUG]  batch running validation accuracy: 11.000000
2026-08-18 19:52:43,602 [MainThread  ] [DEBUG]  image: ./stanford_cars/cars_test/01570.jpg is a ['Chevrolet Traverse SUV 2012'] with label 57
2026-08-18 19:52:43,624 [MainThread  ] [DEBUG]  image: ./stanford_cars/cars_test/05858.jpg is a ['Chevrolet Silverado 1500 Regular Cab 2012'] with label 74
2026-08-18 19:52:43,634 [MainThread  ] [DEBUG]  image: ./stanford_cars/cars_test/04172.jpg is a ['Dodge Journey SUV 2012'] with label 88
2026-08-18 19:52:43,645 [MainThread  ] [DEBUG]  image: ./stanford_cars/cars_test/03018.jpg is a ['Nissan Juke Hatchback 2012'] with label 169
2026-08-18 19:52:43,694 [MainThread  ] [DEBUG]  image: ./stanford_cars/cars_test/05293.jpg is a ['Audi TTS Coupe 2012'] with label 13
2026-08-18 19:52:43,713 [MainThread  ] [DEBUG]  image: ./stanford_cars/cars_test/03823.jpg is a ['Nissan 240SX Coupe 1998'] with label 170
2026-08-18 19:52:43,717 [MainThread  ] [DEBUG]  image: ./stanford_cars/cars_test/06119.jpg is a ['Acura RL Sedan 2012'] with label 1
2026-08-18 19:52:43,728 [MainThread  ] [DEBUG]  image: ./stanford_cars/cars_test/07283.jpg is a ['Mercedes-Benz 300-Class Convertible 1993'] with label 160
2026-08-18 19:52:43,736 [MainThread  ] [DEBUG]  running forward and backward pass
2026-08-18 19:52:43,956 [MainThread  ] [DEBUG]  fraction of validation data processed: 89.230769
2026-08-18 19:52:43,956 [MainThread  ] [DEBUG]  batch running validation loss: 357.012925
2026-08-18 19:52:43,956 [MainThread  ] [DEBUG]  batch running validation accuracy: 11.000000
2026-08-18 19:52:43,956 [MainThread  ] [DEBUG]  image: ./stanford_cars/cars_test/04278.jpg is a ['FIAT 500 Abarth 2012'] with label 98
2026-08-18 19:52:43,971 [MainThread  ] [DEBUG]  image: ./stanford_cars/cars_test/05688.jpg is a ['Honda Accord Coupe 2012'] with label 127
2026-08-18 19:52:43,976 [MainThread  ] [DEBUG]  image: ./stanford_cars/cars_test/00739.jpg is a ['Audi TTS Coupe 2012'] with label 13
2026-08-18 19:52:43,986 [MainThread  ] [DEBUG]  image: ./stanford_cars/cars_test/05077.jpg is a ['Audi 100 Sedan 1994'] with label 16
2026-08-18 19:52:43,999 [MainThread  ] [DEBUG]  image: ./stanford_cars/cars_test/06791.jpg is a ['Chevrolet Cobalt SS 2010'] with label 65
2026-08-18 19:52:44,011 [MainThread  ] [DEBUG]  image: ./stanford_cars/cars_test/05898.jpg is a ['Ford F-150 Regular Cab 2007'] with label 113
2026-08-18 19:52:44,109 [MainThread  ] [DEBUG]  image: ./stanford_cars/cars_test/04411.jpg is a ['Chevrolet Silverado 1500 Regular Cab 2012'] with label 74
2026-08-18 19:52:44,128 [MainThread  ] [DEBUG]  image: ./stanford_cars/cars_test/00312.jpg is a ['Dodge Charger SRT-8 2009'] with label 96
2026-08-18 19:52:44,170 [MainThread  ] [DEBUG]  running forward and backward pass
2026-08-18 19:52:44,370 [MainThread  ] [DEBUG]  fraction of validation data processed: 90.769231
2026-08-18 19:52:44,370 [MainThread  ] [DEBUG]  batch running validation loss: 363.132521
2026-08-18 19:52:44,371 [MainThread  ] [DEBUG]  batch running validation accuracy: 11.000000
2026-08-18 19:52:44,371 [MainThread  ] [DEBUG]  image: ./stanford_cars/cars_test/02157.jpg is a ['Ford F-450 Super Duty Crew Cab 2012'] with label 105
2026-08-18 19:52:44,375 [MainThread  ] [DEBUG]  image: ./stanford_cars/cars_test/00469.jpg is a ['Fisker Karma Sedan 2012'] with label 104
2026-08-18 19:52:44,388 [MainThread  ] [DEBUG]  image: ./stanford_cars/cars_test/04320.jpg is a ['Fisker Karma Sedan 2012'] with label 104
2026-08-18 19:52:44,399 [MainThread  ] [DEBUG]  image: ./stanford_cars/cars_test/03190.jpg is a ['Hyundai Veracruz SUV 2012'] with label 132
2026-08-18 19:52:44,408 [MainThread  ] [DEBUG]  image: ./stanford_cars/cars_test/01682.jpg is a ['Suzuki Kizashi Sedan 2012'] with label 181
2026-08-18 19:52:44,420 [MainThread  ] [DEBUG]  image: ./stanford_cars/cars_test/07716.jpg is a ['Fisker Karma Sedan 2012'] with label 104
2026-08-18 19:52:44,450 [MainThread  ] [DEBUG]  image: ./stanford_cars/cars_test/04150.jpg is a ['Cadillac Escalade EXT Crew Cab 2007'] with label 52
2026-08-18 19:52:44,457 [MainThread  ] [DEBUG]  image: ./stanford_cars/cars_test/06275.jpg is a ['Dodge Sprinter Cargo Van 2009'] with label 87
2026-08-18 19:52:44,466 [MainThread  ] [DEBUG]  running forward and backward pass
2026-08-18 19:52:44,677 [MainThread  ] [DEBUG]  fraction of validation data processed: 92.307692
2026-08-18 19:52:44,678 [MainThread  ] [DEBUG]  batch running validation loss: 370.946605
2026-08-18 19:52:44,678 [MainThread  ] [DEBUG]  batch running validation accuracy: 11.000000
2026-08-18 19:52:44,678 [MainThread  ] [DEBUG]  image: ./stanford_cars/cars_test/03447.jpg is a ['Suzuki Aerio Sedan 2007'] with label 180
2026-08-18 19:52:44,690 [MainThread  ] [DEBUG]  image: ./stanford_cars/cars_test/05219.jpg is a ['BMW 1 Series Convertible 2012'] with label 26
2026-08-18 19:52:44,707 [MainThread  ] [DEBUG]  image: ./stanford_cars/cars_test/01925.jpg is a ['BMW M5 Sedan 2010'] with label 34
2026-08-18 19:52:44,770 [MainThread  ] [DEBUG]  image: ./stanford_cars/cars_test/00337.jpg is a ['Lamborghini Aventador Coupe 2012'] with label 150
2026-08-18 19:52:44,776 [MainThread  ] [DEBUG]  image: ./stanford_cars/cars_test/06882.jpg is a ['BMW M6 Convertible 2010'] with label 35
2026-08-18 19:52:44,783 [MainThread  ] [DEBUG]  image: ./stanford_cars/cars_test/06376.jpg is a ['Rolls-Royce Phantom Sedan 2012'] with label 176
2026-08-18 19:52:44,800 [MainThread  ] [DEBUG]  image: ./stanford_cars/cars_test/01861.jpg is a ['Scion xD Hatchback 2012'] with label 177
2026-08-18 19:52:44,811 [MainThread  ] [DEBUG]  image: ./stanford_cars/cars_test/06746.jpg is a ['Lamborghini Diablo Coupe 2001'] with label 152
2026-08-18 19:52:44,821 [MainThread  ] [DEBUG]  running forward and backward pass
2026-08-18 19:52:45,027 [MainThread  ] [DEBUG]  fraction of validation data processed: 93.846154
2026-08-18 19:52:45,028 [MainThread  ] [DEBUG]  batch running validation loss: 376.363816
2026-08-18 19:52:45,028 [MainThread  ] [DEBUG]  batch running validation accuracy: 12.000000
2026-08-18 19:52:45,028 [MainThread  ] [DEBUG]  image: ./stanford_cars/cars_test/05584.jpg is a ['Maybach Landaulet Convertible 2012'] with label 157
2026-08-18 19:52:45,037 [MainThread  ] [DEBUG]  image: ./stanford_cars/cars_test/02864.jpg is a ['Bugatti Veyron 16.4 Convertible 2009'] with label 44
2026-08-18 19:52:45,060 [MainThread  ] [DEBUG]  image: ./stanford_cars/cars_test/06171.jpg is a ['Eagle Talon Hatchback 1998'] with label 97
2026-08-18 19:52:45,066 [MainThread  ] [DEBUG]  image: ./stanford_cars/cars_test/05671.jpg is a ['GMC Canyon Extended Cab 2012'] with label 121
2026-08-18 19:52:45,073 [MainThread  ] [DEBUG]  image: ./stanford_cars/cars_test/07939.jpg is a ['Eagle Talon Hatchback 1998'] with label 97
2026-08-18 19:52:45,088 [MainThread  ] [DEBUG]  image: ./stanford_cars/cars_test/03932.jpg is a ['Bentley Mulsanne Sedan 2011'] with label 40
2026-08-18 19:52:45,093 [MainThread  ] [DEBUG]  image: ./stanford_cars/cars_test/05638.jpg is a ['Porsche Panamera Sedan 2012'] with label 172
2026-08-18 19:52:45,100 [MainThread  ] [DEBUG]  image: ./stanford_cars/cars_test/05024.jpg is a ['Chevrolet Impala Sedan 2007'] with label 60
2026-08-18 19:52:45,116 [MainThread  ] [DEBUG]  running forward and backward pass
2026-08-18 19:52:45,322 [MainThread  ] [DEBUG]  fraction of validation data processed: 95.384615
2026-08-18 19:52:45,322 [MainThread  ] [DEBUG]  batch running validation loss: 381.744904
2026-08-18 19:52:45,322 [MainThread  ] [DEBUG]  batch running validation accuracy: 12.000000
2026-08-18 19:52:45,322 [MainThread  ] [DEBUG]  image: ./stanford_cars/cars_test/03997.jpg is a ['Dodge Ram Pickup 3500 Crew Cab 2010'] with label 85
2026-08-18 19:52:45,334 [MainThread  ] [DEBUG]  image: ./stanford_cars/cars_test/00314.jpg is a ['Acura TL Sedan 2012'] with label 2
2026-08-18 19:52:45,342 [MainThread  ] [DEBUG]  image: ./stanford_cars/cars_test/02496.jpg is a ['Honda Odyssey Minivan 2007'] with label 126
2026-08-18 19:52:45,350 [MainThread  ] [DEBUG]  image: ./stanford_cars/cars_test/01753.jpg is a ['Hyundai Veracruz SUV 2012'] with label 132
2026-08-18 19:52:45,363 [MainThread  ] [DEBUG]  image: ./stanford_cars/cars_test/00124.jpg is a ['Ram C/V Cargo Van Minivan 2012'] with label 173
2026-08-18 19:52:45,366 [MainThread  ] [DEBUG]  image: ./stanford_cars/cars_test/04293.jpg is a ['Jeep Patriot SUV 2012'] with label 144
2026-08-18 19:52:45,382 [MainThread  ] [DEBUG]  image: ./stanford_cars/cars_test/08007.jpg is a ['GMC Savana Van 2012'] with label 118
2026-08-18 19:52:45,392 [MainThread  ] [DEBUG]  image: ./stanford_cars/cars_test/06870.jpg is a ['GMC Savana Van 2012'] with label 118
2026-08-18 19:52:45,412 [MainThread  ] [DEBUG]  running forward and backward pass
2026-08-18 19:52:45,621 [MainThread  ] [DEBUG]  fraction of validation data processed: 96.923077
2026-08-18 19:52:45,621 [MainThread  ] [DEBUG]  batch running validation loss: 386.530816
2026-08-18 19:52:45,621 [MainThread  ] [DEBUG]  batch running validation accuracy: 12.000000
2026-08-18 19:52:45,621 [MainThread  ] [DEBUG]  image: ./stanford_cars/cars_test/02680.jpg is a ['Chrysler Crossfire Convertible 2008'] with label 79
2026-08-18 19:52:45,625 [MainThread  ] [DEBUG]  image: ./stanford_cars/cars_test/01404.jpg is a ['Dodge Durango SUV 2012'] with label 93
2026-08-18 19:52:45,648 [MainThread  ] [DEBUG]  image: ./stanford_cars/cars_test/00185.jpg is a ['Hyundai Elantra Sedan 2007'] with label 134
2026-08-18 19:52:45,651 [MainThread  ] [DEBUG]  image: ./stanford_cars/cars_test/06116.jpg is a ['Dodge Durango SUV 2007'] with label 94
2026-08-18 19:52:45,661 [MainThread  ] [DEBUG]  image: ./stanford_cars/cars_test/02107.jpg is a ['Audi A5 Coupe 2012'] with label 12
2026-08-18 19:52:45,665 [MainThread  ] [DEBUG]  image: ./stanford_cars/cars_test/05280.jpg is a ['Suzuki Aerio Sedan 2007'] with label 180
2026-08-18 19:52:45,671 [MainThread  ] [DEBUG]  image: ./stanford_cars/cars_test/01694.jpg is a ['Audi R8 Coupe 2012'] with label 14
2026-08-18 19:52:45,675 [MainThread  ] [DEBUG]  image: ./stanford_cars/cars_test/01253.jpg is a ['Honda Accord Coupe 2012'] with label 127
2026-08-18 19:52:45,688 [MainThread  ] [DEBUG]  running forward and backward pass
2026-08-18 19:52:45,997 [MainThread  ] [DEBUG]  fraction of validation data processed: 98.461538
2026-08-18 19:52:45,997 [MainThread  ] [DEBUG]  batch running validation loss: 393.325737
2026-08-18 19:52:45,997 [MainThread  ] [DEBUG]  batch running validation accuracy: 12.000000
2026-08-18 19:52:46,003 [MainThread  ] [INFO ]  confusion matrix:
 [[0. 0. 0. ... 0. 0. 0.]
 [0. 0. 0. ... 0. 0. 0.]
 [0. 0. 0. ... 0. 0. 0.]
 ...
 [0. 0. 0. ... 0. 0. 0.]
 [0. 0. 0. ... 0. 0. 0.]
 [0. 0. 0. ... 0. 0. 0.]]
2026-08-18 19:52:46,007 [MainThread  ] [INFO ]  Epoch: validation F1-Score: 0.0080, Loss: 0.7564 Acc: 0.0231
2026-08-18 19:52:46,007 [MainThread  ] [INFO ]  metric accuracy=0.023076923076923078
2026-08-18 19:52:46,007 [MainThread  ] [INFO ]  Finished Training
